RESULT,basis_density_per_A,batch_normalize_msg,batch_normalize_update,batch_size,epochs,inter_tp_weights_hidden_layers,irreps_message_scalars,irreps_message_tensors,irreps_message_vectors,irreps_node_scalars,irreps_node_tensors,irreps_node_vectors,lr,msg_weights_hidden_layers,n_pattern_layers,node_emb_hidden_layers,node_embedding_size,node_update_hidden_layers,size,spherical_harmonics_l,weights,weights_act
0.030608,10,1,1,512,300,24,8,1,3,16,0,6,0.001,16,2,0,8,16,1885.0,1,81252.0,ReLU
0.033845,5,0,1,128,100,8,8,1,6,4,0,6,0.01,24,3,8,8,0,1885.0,1,33234.0,ReLU
1.697857,10,0,0,128,200,8,4,0,6,4,0,3,0.0001,24,4,0,8,0,1885.0,2,20628.0,Hardtanh
0.10853299999999999,5,1,1,256,200,8,16,0,1,4,1,6,0.0001,0,3,0,16,0,1885.0,1,35872.0,Hardtanh
0.085914,1,0,1,512,100,16,8,0,6,8,2,1,0.0001,16,2,8,16,8,1885.0,2,22430.0,Sigmoid
0.033815,5,0,0,64,200,0,4,0,1,4,1,6,0.01,24,1,8,4,0,1885.0,1,3995.0,Sigmoid
0.13736099999999998,1,0,1,256,200,8,16,2,6,4,0,3,0.001,8,1,0,8,0,1885.0,1,9067.0,ReLU
0.018429,10,0,1,128,200,24,4,1,6,16,2,1,0.01,8,3,8,8,24,1885.0,1,90833.0,Sigmoid
0.20704499999999998,1,0,1,64,200,0,8,0,1,4,0,6,0.0001,8,2,8,4,8,1885.0,1,6758.0,Hardtanh
,1,0,0,512,100,8,8,0,1,16,2,6,0.0001,24,3,0,8,24,,1,,Hardtanh
0.043662,5,0,1,256,100,8,8,1,3,16,1,6,0.001,0,3,0,4,16,1885.0,2,112273.0,ReLU
,1,0,0,512,200,16,8,1,6,8,1,3,0.01,16,4,8,8,8,,1,,Sigmoid
1.373441,10,1,1,512,100,0,8,2,3,8,0,6,0.0001,16,2,0,8,0,1885.0,2,33692.0,Hardtanh
,1,0,0,512,100,16,16,1,6,8,0,3,0.001,0,3,0,4,8,,1,,ReLU
RESULT,basis_density_per_A,batch_normalize_msg,batch_normalize_update,batch_size,epochs,inter_tp_weights_hidden_layers,irreps_message_scalars,irreps_message_tensors,irreps_message_vectors,irreps_node_scalars,irreps_node_tensors,irreps_node_vectors,lr,msg_weights_hidden_layers,n_pattern_layers,node_emb_hidden_layers,node_embedding_size,node_update_hidden_layers,size,spherical_harmonics_l,weights,weights_act
0.11427899999999999,1,1,0,512,200,24,16,0,3,4,2,1,0.001,16,2,8,8,0,1885.0,1,15178.0,Hardtanh
0.703408,10,0,0,64,300,0,4,1,1,8,0,6,0.0001,24,3,0,4,24,1885.0,1,42986.0,Hardtanh
0.032425,5,1,1,128,200,16,8,0,6,4,1,1,0.0001,0,2,0,4,24,1885.0,1,10668.0,Sigmoid
,1,1,1,512,300,0,16,0,1,8,1,1,0.001,8,3,8,4,24,,1,,ReLU
0.032934,5,1,1,128,300,0,4,1,1,16,1,3,0.01,8,2,8,4,24,1885.0,1,47829.0,Sigmoid
0.042406,10,1,0,512,200,8,16,1,3,4,0,1,0.01,16,2,8,8,8,1885.0,2,12176.0,Hardtanh
,1,0,0,512,300,0,8,1,6,4,2,6,0.0001,16,4,0,16,24,,2,,Sigmoid
0.052391,10,0,0,128,100,16,8,1,6,8,2,6,0.01,16,2,0,4,24,1885.0,1,56908.0,Hardtanh
0.02968,10,0,0,128,100,0,4,0,1,8,0,3,0.01,8,2,8,4,24,1885.0,2,19156.0,Sigmoid
0.032699,5,0,0,64,200,24,8,1,6,8,0,6,0.01,24,1,8,16,24,1885.0,1,47976.0,Hardtanh
1.697858,5,0,0,64,100,24,8,1,1,16,2,3,0.0001,24,3,0,16,16,1885.0,2,131832.0,ReLU
0.050700999999999996,5,1,1,64,300,16,16,1,6,4,0,3,0.0001,24,4,0,16,0,1885.0,1,54297.0,Hardtanh
0.059861000000000004,5,0,1,128,200,8,8,0,6,16,1,3,0.0001,24,2,0,8,16,1885.0,1,75024.0,ReLU
0.034938,5,1,0,512,100,0,4,0,3,4,1,1,0.01,24,2,8,4,16,1885.0,1,5969.0,ReLU
0.317885,5,0,0,512,100,16,16,1,6,4,0,3,0.0001,24,1,8,8,0,1885.0,1,12792.0,Sigmoid
,1,0,1,512,100,16,16,0,6,16,1,6,0.01,8,4,8,4,24,,1,,Sigmoid
0.02065,1,1,1,256,100,24,4,0,1,4,0,1,0.01,16,3,0,16,16,1885.0,2,10542.0,Sigmoid
0.05280599999999999,5,1,0,256,300,24,4,2,6,8,0,3,0.001,24,4,0,4,0,1885.0,2,37282.0,Hardtanh
,5,0,1,512,100,8,16,0,6,16,1,6,0.0001,16,3,0,8,0,,2,,Hardtanh
0.045828,1,1,0,64,200,16,4,2,1,16,2,1,0.0001,8,4,0,16,24,1885.0,1,123028.0,Sigmoid
4.953115,1,1,0,256,300,24,4,2,3,8,2,3,0.001,0,4,8,8,0,1885.0,2,27414.0,Hardtanh
,1,0,1,512,200,8,16,0,3,16,2,6,0.001,16,3,8,8,0,,2,,Hardtanh
0.027144,1,1,0,64,200,24,16,2,3,16,2,1,0.001,8,4,8,16,8,1885.0,1,157948.0,Sigmoid
0.09227300000000001,1,1,0,256,300,24,4,2,3,8,2,1,0.001,0,1,8,8,0,1885.0,2,5973.0,Hardtanh
,1,0,1,512,200,8,16,0,3,16,2,6,0.001,16,3,8,8,0,1885.0,2,163240.0,Hardtanh
0.025322,1,1,0,64,200,24,16,2,3,4,2,1,0.001,8,4,8,16,8,1885.0,1,25660.0,Sigmoid
,1,1,0,256,300,24,4,2,3,8,2,1,0.001,0,1,8,8,0,,2,,Hardtanh
0.104996,10,0,0,128,100,0,4,0,1,8,0,3,0.01,8,2,8,4,8,1885.0,2,11124.0,ReLU
0.029931,10,0,1,256,100,0,4,0,1,4,0,3,0.01,16,3,0,16,16,1885.0,2,14657.0,Sigmoid
0.030573000000000003,10,0,1,256,100,0,4,0,1,4,0,3,0.01,8,3,0,16,16,1885.0,2,13313.0,Sigmoid
0.028385000000000004,10,1,1,128,100,0,4,0,1,8,0,1,0.01,16,2,0,4,16,1885.0,2,13710.0,Sigmoid
0.020117,10,0,1,128,100,24,4,0,1,4,0,1,0.01,8,3,0,16,16,1885.0,2,10995.0,Sigmoid
0.029473000000000003,10,1,1,256,100,0,4,0,1,8,0,3,0.01,0,2,0,4,16,1885.0,2,14744.0,Sigmoid
0.035344,10,1,1,128,100,0,4,0,1,4,0,1,0.01,16,3,0,4,24,1885.0,2,9164.0,Sigmoid
0.020243,10,0,1,256,100,24,4,0,1,8,0,3,0.01,8,2,8,4,24,1885.0,2,16710.0,Sigmoid
0.02745,10,1,1,128,100,0,4,0,1,4,0,1,0.01,16,3,0,16,16,1885.0,2,11496.0,Sigmoid
0.099218,1,0,0,128,100,0,4,0,1,8,0,1,0.01,8,2,8,4,24,1885.0,2,11550.0,Sigmoid
0.029966000000000003,10,1,1,256,100,24,8,0,1,4,0,3,0.01,16,1,0,16,8,1885.0,2,9708.0,ReLU
0.021113999999999997,1,0,0,128,100,8,4,0,1,8,0,1,0.01,0,2,8,4,24,1885.0,2,11352.0,Sigmoid
0.037602,10,1,0,256,100,0,8,0,1,4,0,3,0.01,8,3,0,16,16,1885.0,2,21587.0,Sigmoid
0.092263,1,0,1,128,100,16,4,1,1,8,1,6,0.01,16,2,8,4,24,1885.0,2,22030.0,ReLU
0.019923,10,1,0,128,100,24,8,0,1,4,0,3,0.01,16,3,0,16,16,1885.0,2,24059.0,Sigmoid
0.10666800000000001,1,0,1,256,300,0,4,1,1,8,0,1,0.01,8,1,8,4,24,1885.0,2,4311.0,Sigmoid
0.150004,10,1,0,128,100,8,4,0,1,4,1,3,0.0001,16,2,0,16,8,1885.0,2,6842.0,ReLU
0.020753999999999998,1,0,1,64,100,16,8,1,1,4,0,1,0.01,24,2,8,4,24,1885.0,2,10154.0,Sigmoid
0.019772,10,1,1,256,100,24,4,0,1,8,0,1,0.01,16,3,0,16,16,1885.0,2,24582.0,Sigmoid
0.067238,5,1,1,128,300,0,4,0,6,8,1,1,0.0001,16,2,0,4,16,1885.0,2,14120.0,Sigmoid
0.028651,10,1,1,128,100,24,4,0,1,4,0,1,0.01,16,1,0,4,16,1885.0,1,4038.0,ReLU
0.019551,5,1,1,256,200,16,8,1,1,8,0,1,0.01,16,3,0,16,16,1885.0,2,42073.0,Sigmoid
0.189176,1,1,1,64,100,0,4,2,6,16,1,1,0.0001,16,2,0,4,16,1885.0,1,31541.0,Sigmoid
0.019987,1,0,1,512,300,24,4,0,1,4,0,1,0.01,8,3,0,16,16,1885.0,2,9363.0,Sigmoid
0.03315,5,0,1,256,200,24,16,0,6,4,0,6,0.01,24,3,0,16,16,1885.0,2,85586.0,ReLU
0.04702,10,0,1,128,100,24,8,1,1,4,1,1,0.0001,0,3,0,16,16,1885.0,1,17998.0,Sigmoid
0.019925,10,0,1,512,100,24,4,2,3,8,0,3,0.01,8,4,8,8,24,1885.0,2,48956.0,Sigmoid
0.028569,10,0,1,64,100,24,16,0,1,16,0,3,0.001,8,2,8,4,24,1885.0,2,141478.0,Hardtanh
0.021800999999999997,10,0,1,256,300,24,4,0,6,8,0,6,0.01,8,1,8,8,24,1885.0,1,18702.0,Sigmoid
0.04475,10,0,1,128,200,24,4,2,1,16,2,3,0.0001,8,4,8,4,8,1885.0,2,47812.0,ReLU
,10,0,1,512,100,8,16,1,3,8,1,6,0.001,8,2,8,16,24,,2,,Hardtanh
0.020499,10,0,1,256,200,24,4,0,1,4,0,3,0.01,8,2,8,8,8,1885.0,1,5790.0,Sigmoid
0.021955000000000002,10,0,1,64,100,24,8,0,6,16,2,3,0.01,8,1,8,4,0,1885.0,2,15821.0,Sigmoid
0.355873,10,1,0,128,300,16,8,2,3,4,0,6,0.001,24,3,0,16,16,1885.0,2,48367.0,Hardtanh
0.037383,5,1,0,128,100,24,8,0,1,4,0,3,0.0001,0,3,0,16,16,1885.0,1,19619.0,Sigmoid
5.230722,10,1,0,128,100,8,8,0,1,4,1,3,0.01,24,3,0,16,16,1885.0,2,25547.0,ReLU
0.017165,10,1,0,128,200,24,8,1,3,4,2,6,0.01,0,3,0,16,16,1885.0,2,42628.0,Sigmoid
0.080198,10,1,0,128,300,24,8,0,1,4,0,3,0.001,24,3,0,16,16,1885.0,2,26363.0,Hardtanh
0.020982,10,1,0,128,100,24,8,0,1,4,0,1,0.01,16,3,0,16,16,1885.0,2,20107.0,Sigmoid
,10,1,0,128,100,24,8,0,1,4,0,1,0.01,16,3,0,16,16,,2,,Sigmoid
,10,1,0,128,100,24,8,0,1,4,0,1,0.01,16,3,0,16,16,,2,,Sigmoid
0.020768000000000002,10,1,1,256,100,24,4,0,1,4,0,1,0.01,16,3,0,16,16,1885.0,2,12174.0,Sigmoid
0.020467,10,1,1,128,100,24,8,0,1,8,0,1,0.01,16,3,0,16,16,1885.0,2,43294.0,Sigmoid
0.020765000000000002,10,1,0,512,100,24,16,0,1,4,0,1,0.01,16,3,0,16,16,1885.0,2,36027.0,Sigmoid
0.019772,10,1,1,256,100,24,4,0,1,8,0,1,0.01,16,3,0,16,16,1885.0,2,24582.0,Sigmoid
0.020356,10,1,0,128,100,24,4,0,1,4,0,1,0.01,16,3,0,16,0,1885.0,2,9499.0,Sigmoid
0.019869,5,1,1,64,100,16,8,0,1,16,0,1,0.01,16,3,0,16,16,1885.0,2,113094.0,Sigmoid
0.020858,5,1,1,256,200,16,8,1,1,8,0,1,0.01,16,4,0,16,16,1885.0,2,52396.0,Sigmoid
0.019555,5,1,0,256,200,16,8,1,6,8,0,3,0.01,16,3,0,16,8,1885.0,2,36925.0,Sigmoid
0.017709,5,1,1,256,200,16,8,1,1,8,2,1,0.01,16,3,0,16,16,1885.0,2,45695.0,Sigmoid
0.062677,5,1,0,256,200,16,8,1,1,8,0,1,0.0001,16,3,0,16,0,1885.0,1,30380.0,Sigmoid
0.040854,5,1,1,256,200,16,8,1,3,8,0,3,0.01,16,3,0,8,16,1885.0,2,41837.0,ReLU
0.040172,5,1,1,256,200,16,8,1,1,8,1,1,0.001,16,4,0,16,16,1885.0,2,54512.0,Hardtanh
0.021501,5,1,0,256,200,16,8,1,1,8,0,6,0.01,16,1,0,16,8,1885.0,2,14282.0,Sigmoid
0.017146,5,1,1,256,200,8,4,1,6,8,2,1,0.01,16,3,0,16,16,1885.0,2,32974.0,Sigmoid
0.019918,5,1,1,256,200,16,4,2,1,8,0,1,0.01,0,3,0,16,16,1885.0,1,20604.0,Sigmoid
0.070882,5,1,1,256,200,16,16,1,1,8,0,1,0.0001,16,3,0,16,0,1885.0,2,58079.0,ReLU
0.01989,5,1,1,256,300,8,4,1,3,8,0,1,0.01,16,4,0,8,16,1885.0,2,25988.0,Sigmoid
0.039044999999999996,5,1,1,256,200,16,4,2,1,8,1,1,0.001,16,3,0,16,16,1885.0,2,26055.0,Hardtanh
0.021726,5,1,1,256,200,8,4,1,1,8,0,1,0.01,24,1,0,16,8,1885.0,2,7803.0,Sigmoid
0.023781,10,1,1,256,300,16,16,1,6,8,2,1,0.01,16,3,0,8,16,1885.0,1,70822.0,Sigmoid
0.019993,10,1,1,256,200,16,4,2,1,8,0,1,0.01,0,3,0,16,0,1885.0,2,15528.0,Sigmoid
0.233411,1,1,1,256,100,24,4,1,1,8,0,1,0.0001,16,3,0,16,16,1885.0,2,23529.0,ReLU
0.022202,5,1,1,256,100,24,4,0,3,8,1,1,0.001,16,4,0,16,16,1885.0,2,33484.0,Sigmoid
0.02825,10,1,1,512,300,8,16,2,1,8,0,1,0.01,16,1,0,8,8,1885.0,1,11916.0,Hardtanh
0.026722000000000003,10,1,1,256,200,0,4,1,6,8,0,6,0.01,24,3,0,16,16,1885.0,2,72789.0,Sigmoid
0.019464,5,1,1,64,100,24,4,0,1,8,2,1,0.01,0,3,0,16,16,1885.0,2,22284.0,Sigmoid
0.083173,10,1,1,256,100,16,4,0,1,16,0,1,0.0001,16,3,0,16,0,1885.0,2,44870.0,ReLU
0.019962999999999998,1,1,1,256,200,24,16,0,3,8,0,1,0.01,16,3,0,16,16,1885.0,2,81780.0,Sigmoid
0.048748,10,1,1,512,100,0,4,1,1,8,1,1,0.001,16,1,0,8,16,1885.0,1,10973.0,Sigmoid
0.028141000000000003,10,1,1,256,300,24,4,0,1,8,0,6,0.01,24,4,0,16,8,1885.0,2,29732.0,Hardtanh
0.01973,5,1,1,64,100,8,4,2,6,16,0,1,0.01,0,3,0,16,16,1885.0,2,62811.0,Sigmoid
0.019617,1,1,1,256,100,16,16,0,1,8,2,1,0.01,16,3,0,16,24,1885.0,2,116564.0,Sigmoid
0.05660900000000001,10,1,1,256,200,24,4,1,1,8,0,1,0.0001,16,3,0,16,16,1885.0,2,25161.0,ReLU
0.021734,10,1,1,512,100,24,8,0,3,8,0,6,0.01,16,1,0,8,0,1885.0,1,13353.0,Sigmoid
0.018463,5,1,1,256,200,16,8,1,1,16,2,1,0.001,24,3,0,16,16,1885.0,2,123039.0,Sigmoid
0.060787,5,1,0,128,200,16,8,1,3,4,2,6,0.01,0,4,0,16,16,1885.0,2,53248.0,Hardtanh
0.020838,5,1,0,64,200,16,8,1,3,16,2,6,0.01,0,3,8,4,16,1885.0,2,118388.0,Sigmoid
0.017933,5,1,0,512,200,16,8,1,3,4,2,6,0.01,0,2,0,16,24,1885.0,2,41096.0,Sigmoid
0.017884,5,1,0,128,200,16,8,1,3,4,2,6,0.01,0,3,0,16,8,1885.0,1,22020.0,Sigmoid
0.050256999999999996,5,1,0,64,200,16,8,1,3,16,2,6,0.0001,0,3,0,8,16,1885.0,2,128020.0,ReLU
0.042496,5,1,0,128,200,16,8,1,3,4,2,6,0.001,0,3,8,16,16,1885.0,2,40916.0,Sigmoid
0.032641,5,1,0,128,200,16,8,1,3,4,2,6,0.01,0,1,0,4,0,1885.0,2,4224.0,Hardtanh
,5,1,0,512,200,16,8,1,3,4,2,6,0.01,0,4,0,16,16,,2,,Sigmoid
0.018328999999999998,5,0,0,64,200,16,8,1,3,16,2,6,0.01,0,3,0,16,24,1885.0,2,216504.0,Sigmoid
0.018536,5,1,0,128,200,8,8,1,6,8,2,6,0.01,0,2,8,16,16,1885.0,1,55710.0,Sigmoid
0.47914700000000005,5,1,0,128,200,8,8,1,6,4,2,6,0.0001,0,3,0,16,8,1885.0,2,27989.0,ReLU
,1,1,0,512,200,8,8,1,6,8,2,6,0.01,24,3,0,8,16,,2,,Sigmoid
0.22670500000000002,5,1,0,256,200,8,8,1,6,8,2,6,0.001,0,3,0,4,16,1885.0,2,62857.0,Hardtanh
0.017486,5,0,1,128,200,8,16,1,6,4,2,6,0.01,0,2,0,16,0,1885.0,2,36952.0,Sigmoid
0.023176,5,1,0,64,200,8,8,1,6,16,2,6,0.01,8,3,8,16,16,1885.0,1,173861.0,Sigmoid
0.021213,1,1,1,256,200,8,8,1,6,8,2,6,0.01,24,1,0,16,24,1885.0,2,46527.0,Sigmoid
0.07638500000000001,5,1,0,256,200,8,16,1,6,4,2,1,0.0001,0,4,0,16,16,1885.0,2,44080.0,ReLU
0.017084000000000002,5,0,1,128,200,8,8,1,6,8,2,3,0.01,8,3,0,4,8,1885.0,2,24427.0,Sigmoid
0.04339,5,1,1,256,200,0,8,1,6,8,2,1,0.001,16,3,0,8,16,1885.0,2,43254.0,Hardtanh
0.018949,1,1,0,512,200,8,8,1,3,4,2,6,0.01,0,3,8,16,16,1885.0,1,39436.0,Sigmoid
0.018216999999999997,5,1,1,128,300,8,16,1,6,8,2,1,0.01,16,2,0,16,0,1885.0,2,49227.0,Sigmoid
0.033083,5,1,1,256,200,0,8,2,3,16,2,1,0.01,24,3,0,16,16,1885.0,2,137952.0,Sigmoid
0.056297,5,0,0,64,200,8,8,1,6,4,2,3,0.0001,16,1,0,16,24,1885.0,2,24912.0,ReLU
0.11536199999999999,1,1,1,256,200,0,8,1,3,8,2,1,0.01,8,4,0,4,16,1885.0,2,40832.0,Sigmoid
0.039255,5,1,1,128,300,8,16,1,6,8,2,6,0.001,16,3,8,8,8,1885.0,1,65269.0,Hardtanh
0.017628,5,1,0,256,200,8,8,2,3,4,2,1,0.01,0,3,0,16,16,1885.0,2,20759.0,Sigmoid
0.106523,1,0,1,512,200,0,8,1,6,8,2,1,0.01,16,3,0,16,16,1885.0,2,52009.0,Sigmoid
0.017933,5,1,1,256,200,8,4,1,3,8,1,6,0.01,24,2,0,16,0,1885.0,2,25637.0,Sigmoid
0.038839,10,1,0,128,200,8,16,1,6,16,2,3,0.0001,16,3,0,16,16,1885.0,2,257501.0,ReLU
0.021436,5,1,1,256,300,24,8,2,3,4,2,1,0.01,0,1,8,4,24,1885.0,1,5848.0,Sigmoid
0.033839,10,1,1,64,200,0,4,1,6,8,2,1,0.001,16,4,0,8,16,1885.0,2,40688.0,Hardtanh
0.017333,5,0,0,128,200,8,8,1,3,4,1,6,0.01,8,3,0,16,16,1885.0,2,39384.0,Sigmoid
0.0169,10,1,1,256,200,24,4,1,6,8,2,1,0.01,16,3,0,16,8,1885.0,2,23446.0,Sigmoid
0.017611,1,1,1,256,300,16,8,1,3,8,2,3,0.01,0,3,0,16,16,1885.0,2,50595.0,Sigmoid
,5,1,0,512,200,24,16,2,6,16,2,1,0.0001,16,3,8,16,0,,1,,ReLU
0.017218,10,1,1,128,200,8,4,1,3,4,2,6,0.01,24,2,0,4,16,1885.0,2,15580.0,Sigmoid
0.020102000000000002,5,0,1,128,200,8,16,1,6,4,1,6,0.001,0,2,0,8,0,1885.0,2,25493.0,Sigmoid
0.222514,5,0,0,128,200,8,16,1,6,4,2,6,0.01,0,2,0,16,0,1885.0,2,36920.0,Hardtanh
0.017466,10,0,1,128,300,8,16,1,6,4,2,6,0.01,0,2,0,16,0,1885.0,2,37256.0,Sigmoid
0.017625,1,0,0,128,200,8,16,2,6,4,2,6,0.01,0,2,8,16,0,1885.0,2,37808.0,Sigmoid
0.018612,5,0,1,128,200,8,16,1,6,4,1,6,0.01,0,2,0,16,0,1885.0,1,34905.0,Sigmoid
0.060712,10,0,1,128,200,8,16,1,6,4,2,6,0.0001,0,2,0,4,0,1885.0,2,22556.0,ReLU
0.017486,5,0,1,128,200,8,16,1,6,4,2,6,0.01,0,2,0,16,0,1885.0,2,36952.0,Sigmoid
0.017486,5,0,1,128,200,8,16,1,6,4,2,6,0.01,0,2,0,16,0,1885.0,2,36952.0,Sigmoid
0.017486,5,0,1,128,200,8,16,1,6,4,2,6,0.01,0,2,0,16,0,1885.0,2,36952.0,Sigmoid
0.017486,5,0,1,128,200,8,16,1,6,4,2,6,0.01,0,2,0,16,0,1885.0,2,36952.0,Sigmoid
0.017486,5,0,1,128,200,8,16,1,6,4,2,6,0.01,0,2,0,16,0,1885.0,2,36952.0,Sigmoid
0.018125,5,0,1,128,200,8,16,1,6,4,2,3,0.01,8,2,0,4,8,1885.0,2,11822.0,Sigmoid
0.020487000000000002,5,0,1,128,200,8,16,1,6,4,2,3,0.01,8,1,0,4,8,1885.0,2,4201.0,Sigmoid
0.020277,5,0,1,128,200,8,8,1,6,8,2,3,0.01,8,4,0,4,8,1885.0,2,34456.0,Sigmoid
0.016884,5,0,1,128,200,8,16,1,6,4,2,3,0.01,8,3,0,4,8,1885.0,2,19443.0,Sigmoid
0.016942,5,0,1,128,200,8,4,1,6,8,2,3,0.01,8,3,0,4,8,1885.0,2,17515.0,Sigmoid
0.01654,5,0,1,128,200,8,8,1,6,4,2,3,0.01,8,3,0,4,8,1885.0,2,13299.0,Sigmoid
0.017215,5,0,1,128,200,8,8,1,6,8,2,3,0.01,8,2,0,4,8,1885.0,2,14398.0,Sigmoid
0.016597999999999998,5,0,1,128,200,8,4,1,6,4,2,3,0.01,8,3,0,4,8,1885.0,2,10227.0,Sigmoid
0.020508000000000002,5,0,1,128,200,8,16,1,6,16,2,3,0.01,8,1,0,4,8,1885.0,2,12385.0,Sigmoid
0.016904,5,0,1,128,300,8,8,1,6,8,2,3,0.01,8,3,0,4,8,1885.0,2,24427.0,Sigmoid
0.041530000000000004,5,0,1,128,200,8,4,2,6,4,1,3,0.001,8,4,0,4,8,1885.0,2,13140.0,Hardtanh
0.01744,10,0,0,128,200,24,8,1,6,8,2,3,0.01,0,2,0,4,8,1885.0,2,16136.0,Sigmoid
0.017842,5,0,1,64,200,8,16,1,6,4,2,6,0.01,8,3,0,4,24,1885.0,2,83804.0,Sigmoid
0.017166,10,1,1,256,200,24,4,1,6,8,2,1,0.01,16,3,0,8,8,1885.0,2,19390.0,Sigmoid
0.055215999999999994,10,1,0,256,200,24,4,1,3,8,2,3,0.0001,16,3,8,4,8,1885.0,2,18668.0,ReLU
0.018247,10,1,1,256,300,24,4,1,6,8,2,1,0.01,16,3,0,4,8,1885.0,1,16482.0,Sigmoid
0.019882,10,1,0,256,200,24,4,2,6,8,1,1,0.001,8,3,0,8,8,1885.0,2,16024.0,Sigmoid
0.027597000000000003,10,1,1,512,200,24,4,1,3,8,2,3,0.01,24,3,0,16,8,1885.0,2,27411.0,Hardtanh
0.017568,10,1,1,64,200,24,4,1,6,8,2,1,0.01,16,3,0,4,8,1885.0,2,17362.0,Sigmoid
0.018256,10,1,0,256,200,24,4,1,3,8,2,3,0.01,16,3,0,16,8,1885.0,2,24388.0,Sigmoid
0.018096,10,1,1,256,200,24,4,1,6,8,2,1,0.01,8,3,8,16,8,1885.0,1,19358.0,Sigmoid
0.059542,10,1,1,512,300,24,4,1,6,8,2,1,0.0001,16,3,0,4,8,1885.0,2,17362.0,ReLU
0.017192,10,1,0,256,200,24,4,2,3,8,1,3,0.01,24,3,0,16,8,1885.0,2,27463.0,Sigmoid
0.026327,10,1,1,64,200,24,4,1,6,8,2,1,0.001,8,3,0,8,8,1885.0,2,16526.0,Hardtanh
0.053614,10,1,1,256,200,0,4,1,6,8,2,1,0.01,16,3,0,16,8,1885.0,2,25726.0,Sigmoid
0.024569,10,1,0,256,200,24,4,1,3,8,2,3,0.01,16,3,8,16,24,1885.0,2,53020.0,Sigmoid
0.018078999999999998,10,1,1,512,300,24,4,1,6,8,2,1,0.01,8,3,0,4,8,1885.0,1,14386.0,Sigmoid
0.164271,1,1,0,256,200,24,8,2,3,16,1,1,0.0001,16,3,0,16,8,1885.0,2,71231.0,ReLU
0.027666000000000003,10,1,1,64,200,0,8,1,6,8,2,3,0.01,24,1,0,16,8,1885.0,2,23666.0,Sigmoid
0.049612,10,1,1,256,200,24,4,1,6,8,2,1,0.01,16,4,0,8,24,1885.0,2,51712.0,Sigmoid
0.018889,5,0,1,256,200,8,4,1,6,8,2,3,0.001,8,3,0,4,8,1885.0,2,17515.0,Sigmoid
0.028674,5,0,1,128,200,8,16,1,6,8,2,3,0.01,8,3,0,4,8,1885.0,2,38251.0,Hardtanh
0.017186,5,0,1,128,200,8,4,1,6,8,2,3,0.01,8,3,8,4,8,1885.0,1,16967.0,Sigmoid
0.01684,5,0,1,128,300,8,4,1,6,4,2,3,0.01,8,3,0,4,8,1885.0,2,10227.0,Sigmoid
0.017412,1,0,1,128,200,8,16,2,6,4,1,3,0.01,8,3,0,4,8,1885.0,2,17728.0,Sigmoid
0.016597999999999998,5,0,1,128,200,8,4,1,6,4,2,3,0.01,8,3,0,4,8,1885.0,2,10227.0,Sigmoid
0.077016,5,0,1,128,200,8,16,1,6,4,2,3,0.0001,8,1,0,4,8,1885.0,2,4201.0,ReLU
0.032687,5,0,1,128,200,0,4,1,6,4,2,3,0.01,8,4,0,4,8,1885.0,2,15006.0,Sigmoid
0.038623000000000005,5,0,1,128,200,8,16,1,6,4,2,3,0.001,8,3,8,4,8,1885.0,2,19519.0,Hardtanh
0.01763,1,0,1,128,200,8,4,1,6,4,2,3,0.01,8,3,0,4,8,1885.0,1,9427.0,Sigmoid
0.016640000000000002,5,0,1,128,300,8,16,2,6,4,2,3,0.01,8,3,0,4,8,1885.0,2,20179.0,Sigmoid
0.017882,5,0,1,128,200,8,4,1,6,4,1,3,0.01,8,3,0,4,8,1885.0,2,9024.0,Sigmoid
0.037478,5,0,1,128,200,0,4,1,6,4,2,3,0.01,8,1,0,4,8,1885.0,2,3087.0,Sigmoid
0.07115,5,0,1,128,200,8,16,1,6,4,2,3,0.0001,8,3,0,4,8,1885.0,2,19443.0,ReLU
0.017069,1,0,1,128,200,8,4,1,6,4,2,3,0.01,8,4,8,4,8,1885.0,2,14036.0,Sigmoid
0.019558000000000002,5,0,1,128,200,8,16,1,6,4,2,3,0.001,8,3,0,4,8,1885.0,1,18499.0,Sigmoid
0.030635000000000003,5,0,1,128,300,8,4,1,6,4,2,3,0.01,8,3,0,4,8,1885.0,2,10227.0,Hardtanh
0.016755000000000003,5,0,1,128,200,8,4,2,6,4,1,3,0.01,8,3,0,4,8,1885.0,2,9520.0,Sigmoid
0.016884,5,0,1,128,200,8,16,1,6,4,2,3,0.01,8,3,0,4,8,1885.0,2,19443.0,Sigmoid
0.020647,5,0,1,128,200,8,4,1,6,4,2,3,0.01,8,1,0,4,8,1885.0,2,2281.0,Sigmoid
0.073461,5,0,1,128,200,8,16,1,6,4,2,3,0.0001,8,3,8,4,8,1885.0,2,19519.0,ReLU
0.018685,5,0,1,128,200,8,4,1,6,4,2,3,0.01,8,4,0,4,8,1885.0,1,13384.0,Sigmoid
0.026274000000000002,5,0,1,128,300,8,4,0,6,4,2,3,0.001,8,3,0,4,8,1885.0,2,9491.0,Sigmoid
0.034013,5,0,1,128,100,8,16,1,6,4,1,3,0.01,8,3,0,4,8,1885.0,2,17472.0,Hardtanh
0.016576,5,0,1,128,200,8,4,2,6,4,2,3,0.01,8,3,0,4,8,1885.0,2,10963.0,Sigmoid
0.016884,5,0,1,128,200,8,16,1,6,4,2,3,0.01,8,3,0,4,8,1885.0,2,19443.0,Sigmoid
0.020638999999999998,5,0,1,128,200,8,4,1,6,4,2,3,0.01,8,1,8,4,24,1885.0,2,4837.0,Sigmoid
0.26563200000000003,5,0,1,512,200,8,4,1,6,4,2,3,0.0001,8,3,0,4,8,1885.0,1,9667.0,ReLU
0.019403999999999998,5,0,1,128,200,8,16,0,6,4,2,3,0.01,8,4,0,4,8,1885.0,2,26008.0,Sigmoid
0.020538,5,0,1,128,100,8,8,1,6,4,1,3,0.001,8,3,0,4,8,1885.0,2,11840.0,Sigmoid
0.016699000000000002,5,0,1,128,200,8,8,1,6,4,2,3,0.01,8,3,8,4,24,1885.0,2,32495.0,Sigmoid
0.020381,5,0,1,512,200,8,4,1,6,4,2,3,0.01,8,3,0,4,8,1885.0,1,9667.0,Sigmoid
0.216191,1,0,1,128,200,8,16,1,6,4,2,3,0.0001,8,1,0,4,8,1885.0,2,3961.0,ReLU
0.017662999999999998,5,0,1,128,200,8,4,0,6,4,1,3,0.01,8,4,0,4,8,1885.0,2,11716.0,Sigmoid
0.032427,5,0,1,64,100,0,8,1,6,4,2,3,0.01,8,3,0,4,8,1885.0,2,14105.0,Sigmoid
0.017905,5,0,1,128,200,8,16,1,6,4,2,3,0.01,8,3,0,4,8,1885.0,1,18499.0,Sigmoid
0.246286,5,0,1,512,200,8,8,1,6,4,1,3,0.0001,8,1,0,4,8,1885.0,2,2856.0,ReLU
0.29934299999999997,5,0,1,128,100,0,4,0,6,16,2,3,0.01,8,4,0,4,8,1885.0,2,61194.0,Sigmoid
0.074795,5,0,1,128,200,0,4,2,6,16,1,3,0.0001,8,1,0,4,8,1885.0,2,13854.0,ReLU
RESULT,basis_density_per_A,batch_normalize_msg,batch_normalize_update,batch_size,epochs,inter_tp_weights_hidden_layers,irreps_message_scalars,irreps_message_tensors,irreps_message_vectors,irreps_node_scalars,irreps_node_tensors,irreps_node_vectors,lr,msg_weights_hidden_layers,n_pattern_layers,node_emb_hidden_layers,node_embedding_size,node_update_hidden_layers,size,spherical_harmonics_l,weights,weights_act
0.138355,10,1,0,256,100,24,16,0,6,4,2,1,0.001,8,4,8,16,8,1885.0,1,27768.0,ReLU
0.159076,1,0,0,64,300,24,4,2,6,16,1,1,0.0001,8,1,8,4,8,1885.0,1,9632.0,Hardtanh
0.148479,1,1,0,128,300,8,16,1,1,16,1,3,0.0001,24,3,0,4,0,1885.0,1,128386.0,ReLU
0.020083,10,0,0,128,200,24,4,1,3,4,0,1,0.01,24,2,8,16,24,1885.0,1,16344.0,Sigmoid
0.019988,1,0,0,256,200,24,8,0,1,8,2,1,0.01,24,3,8,8,0,1885.0,2,27360.0,Sigmoid
,1,0,0,512,100,0,16,0,1,8,1,1,0.001,8,3,0,4,0,,2,,ReLU
0.043036000000000005,10,0,0,64,200,8,4,0,6,16,0,6,0.0001,8,2,0,4,0,1885.0,1,35220.0,Hardtanh
0.077303,5,1,0,256,300,24,16,2,3,8,0,1,0.001,8,2,0,4,24,1885.0,2,44318.0,Hardtanh
0.12193599999999999,1,0,1,64,300,0,4,1,6,4,2,6,0.001,8,2,8,8,8,1885.0,2,12116.0,ReLU
0.050585000000000005,5,0,0,128,300,16,4,0,3,8,2,3,0.0001,24,2,0,8,0,1885.0,1,14592.0,ReLU
0.281314,10,1,0,128,300,24,16,1,1,16,0,1,0.0001,8,3,0,16,8,1885.0,1,115046.0,Hardtanh
0.041677,5,1,1,128,100,8,16,1,3,8,0,3,0.001,24,3,8,16,0,1885.0,2,73483.0,ReLU
0.033181999999999996,5,1,1,128,200,8,4,0,3,16,0,6,0.01,0,3,8,4,24,1885.0,1,96795.0,Hardtanh
0.041275,5,0,1,64,200,24,8,2,6,4,0,6,0.01,16,3,8,4,8,1885.0,2,24882.0,Hardtanh
0.07845099999999999,1,0,0,512,300,24,4,1,3,4,2,1,0.01,0,1,0,16,16,1885.0,1,6968.0,Hardtanh
2.717536,1,1,0,256,300,8,4,0,6,16,2,1,0.001,0,4,8,8,24,1885.0,2,110392.0,ReLU
0.061423,5,1,1,256,100,24,16,2,6,4,2,3,0.0001,24,2,0,4,24,1885.0,2,36654.0,Sigmoid
0.033166,10,0,1,512,300,8,4,1,1,8,0,6,0.001,0,4,0,4,8,1885.0,2,17156.0,ReLU
0.036765,5,0,1,512,300,0,4,2,3,8,0,6,0.01,0,3,8,8,8,1885.0,2,21500.0,ReLU
0.034682,5,1,1,128,100,0,16,0,3,8,0,3,0.01,16,3,0,8,0,1885.0,1,53590.0,Sigmoid
0.047496,10,1,1,512,100,16,8,1,1,4,2,6,0.001,0,4,0,16,16,1885.0,1,42936.0,ReLU
,10,1,1,512,100,0,8,2,6,4,1,6,0.01,16,4,8,8,8,,2,,ReLU
0.033316000000000005,10,1,1,256,100,0,16,0,6,4,2,3,0.01,16,4,8,16,16,1885.0,1,71312.0,Sigmoid
0.037,10,1,1,256,100,16,8,1,1,4,2,6,0.001,0,4,0,16,16,1885.0,1,42936.0,ReLU
,10,1,1,512,100,0,8,2,6,4,1,6,0.01,16,4,8,8,8,,2,,ReLU
0.0879,10,1,0,256,100,0,16,0,6,4,2,3,0.001,16,4,8,16,16,1885.0,1,71260.0,Sigmoid
0.037356,10,1,1,256,100,16,8,1,1,4,2,1,0.001,0,4,0,16,16,1885.0,1,22396.0,ReLU
0.0729,10,1,0,512,100,0,8,2,6,4,1,1,0.01,16,4,8,8,8,1885.0,2,17632.0,ReLU
0.022661,10,1,0,256,100,24,16,0,6,4,2,3,0.001,8,1,8,16,16,1885.0,1,26934.0,Sigmoid
0.037223,10,1,1,256,100,16,8,1,1,4,2,1,0.001,8,1,0,16,16,1885.0,1,12141.0,ReLU
,10,1,0,512,100,0,8,2,6,4,1,1,0.01,16,4,8,8,8,,2,,ReLU
,10,1,0,256,100,24,16,0,6,4,2,3,0.001,8,1,8,16,16,,1,,Sigmoid
0.031110000000000002,10,1,0,256,200,16,8,1,1,16,2,1,0.001,8,1,0,16,16,1885.0,1,40738.0,ReLU
0.050308,10,1,0,64,100,24,8,2,6,4,1,1,0.0001,16,4,8,8,8,1885.0,2,18208.0,ReLU
0.023108,1,1,0,256,100,24,16,0,6,4,2,3,0.001,8,1,8,16,16,1885.0,1,25302.0,Sigmoid
0.03406,5,1,1,128,200,0,16,0,3,8,0,3,0.01,16,3,0,8,0,1885.0,1,53590.0,Sigmoid
,10,1,0,512,100,16,8,1,1,16,2,6,0.001,0,4,0,16,24,,1,,ReLU
0.076415,5,1,1,128,100,0,16,0,3,8,0,3,0.0001,24,3,0,8,0,1885.0,1,58246.0,Sigmoid
0.020113,5,0,0,128,200,24,4,1,3,8,0,3,0.01,24,2,0,8,24,1885.0,1,25528.0,Sigmoid
0.02014,5,0,1,128,200,24,4,0,3,8,0,1,0.01,24,2,0,8,0,1885.0,1,12302.0,Sigmoid
0.019997,5,0,0,128,200,8,4,1,3,8,0,3,0.01,24,2,8,4,24,1885.0,1,19016.0,Sigmoid
0.084345,1,0,0,128,200,0,4,0,3,8,0,1,0.01,24,2,0,8,0,1885.0,1,10122.0,Sigmoid
0.019291,5,0,1,128,200,24,4,1,3,8,0,3,0.01,24,3,8,4,24,1885.0,1,33969.0,Sigmoid
0.020161000000000002,1,0,0,128,200,8,16,0,3,16,0,1,0.01,24,2,0,8,0,1885.0,1,83008.0,Sigmoid
0.035812000000000004,5,0,1,64,200,0,4,1,3,8,0,3,0.01,16,3,8,16,24,1885.0,1,45821.0,Hardtanh
0.11048,1,0,0,64,200,24,4,1,1,16,1,1,0.0001,24,2,8,4,24,1885.0,2,43584.0,Hardtanh
0.020236,1,0,0,64,200,24,8,0,1,8,1,1,0.01,24,2,8,16,0,1885.0,2,25486.0,Sigmoid
0.027173000000000003,1,0,0,256,200,24,4,1,1,8,2,1,0.0001,24,3,8,4,24,1885.0,2,26520.0,Sigmoid
0.144741,1,0,0,128,200,24,4,0,1,16,0,1,0.01,24,2,8,8,0,1885.0,2,27492.0,Hardtanh
0.017666,1,0,0,64,200,24,8,1,1,8,2,1,0.01,24,3,8,16,24,1885.0,2,67608.0,Sigmoid
0.02155,1,0,0,256,300,24,4,0,1,8,0,1,0.01,24,3,8,8,0,1885.0,2,14528.0,Sigmoid
1.783748,1,0,0,128,200,8,8,2,3,16,2,1,0.0001,24,2,8,16,24,1885.0,2,122176.0,Hardtanh
0.6967399999999999,1,0,0,256,300,24,4,1,1,4,1,1,0.01,24,3,8,4,0,1885.0,2,6368.0,Sigmoid
0.020222,1,0,0,128,200,24,8,0,3,8,0,1,0.01,24,2,8,8,24,1885.0,2,33872.0,Sigmoid
0.018203999999999998,1,0,0,256,200,24,4,1,1,4,2,1,0.01,24,3,8,16,0,1885.0,2,11726.0,Sigmoid
0.03178,10,0,0,64,300,8,8,0,3,8,0,1,0.0001,24,2,8,8,24,1885.0,2,33120.0,Hardtanh
0.020419,1,0,0,128,200,24,8,2,1,4,2,6,0.01,0,1,8,16,0,1885.0,2,10112.0,Sigmoid
0.018725,10,0,0,256,200,16,4,1,3,16,1,1,0.01,24,3,8,4,24,1885.0,2,77280.0,Sigmoid
0.020845,1,0,0,512,200,24,8,0,1,4,2,1,0.01,8,2,8,8,0,1885.0,2,7028.0,Sigmoid
1.5499319999999999,10,0,0,256,300,8,4,2,3,8,0,6,0.0001,24,3,8,16,8,1885.0,1,28808.0,Hardtanh
0.022165999999999998,10,0,0,128,200,24,8,1,1,4,2,1,0.01,0,1,8,16,24,1885.0,1,16920.0,Sigmoid
0.021356,1,0,0,256,200,16,4,0,3,4,0,1,0.01,8,2,8,8,0,1885.0,2,4116.0,Sigmoid
0.019359,10,0,0,64,300,24,8,1,1,16,1,6,0.01,24,3,8,4,8,1885.0,1,66976.0,Sigmoid
0.077662,10,0,0,512,200,24,8,2,3,8,2,1,0.0001,24,1,8,16,24,1885.0,2,36552.0,Hardtanh
0.020748,1,0,0,256,200,16,4,0,1,4,2,1,0.01,0,2,8,8,0,1885.0,1,3500.0,Sigmoid
0.02014,5,0,1,128,200,24,4,0,3,8,0,1,0.01,24,2,0,8,0,1885.0,1,12302.0,Sigmoid
0.02014,5,0,1,128,200,24,4,0,3,8,0,1,0.01,24,2,0,8,0,1885.0,1,12302.0,Sigmoid
0.02014,5,0,1,128,200,24,4,0,3,8,0,1,0.01,24,2,0,8,0,1885.0,1,12302.0,Sigmoid
0.02014,5,0,1,128,200,24,4,0,3,8,0,1,0.01,24,2,0,8,0,1885.0,1,12302.0,Sigmoid
0.020113,5,0,0,128,200,24,4,1,3,8,0,3,0.01,24,2,0,8,24,1885.0,1,25528.0,Sigmoid
0.019997,5,0,0,128,200,8,4,1,3,8,0,3,0.01,24,2,8,4,24,1885.0,1,19016.0,Sigmoid
0.019997,5,0,0,128,200,8,4,1,3,8,0,3,0.01,24,2,8,4,24,1885.0,1,19016.0,Sigmoid
0.019740999999999998,5,0,0,128,200,8,16,1,3,8,0,3,0.01,8,2,8,4,24,1885.0,1,48840.0,Sigmoid
0.019459999999999998,5,0,0,128,200,8,4,1,6,8,0,3,0.01,16,3,8,4,24,1885.0,1,39400.0,Sigmoid
0.020859,10,0,0,128,300,8,4,1,3,4,0,3,0.001,24,2,8,4,24,1885.0,1,10360.0,Sigmoid
,5,0,0,512,200,8,16,1,3,8,0,3,0.01,24,3,8,4,24,,1,,Sigmoid
1.697857,10,0,0,256,200,8,8,1,6,8,2,6,0.01,0,4,8,4,16,1885.0,1,89664.0,ReLU
0.023891,10,0,0,128,200,8,4,1,3,4,1,3,0.001,24,1,8,4,8,1885.0,1,2672.0,Sigmoid
0.029322000000000004,5,0,0,64,200,8,4,1,1,16,0,3,0.01,16,2,8,4,24,1885.0,1,39624.0,Hardtanh
0.023321,1,0,0,256,200,16,8,1,3,8,2,6,0.0001,8,3,8,16,24,1885.0,2,100992.0,Sigmoid
0.019997,5,0,0,128,200,8,4,1,3,8,0,3,0.01,24,2,8,4,24,1885.0,1,19016.0,Sigmoid
0.020472,5,0,0,128,300,8,4,2,1,8,0,3,0.01,24,2,8,4,16,1885.0,1,11544.0,Sigmoid
,5,0,0,512,200,8,16,1,3,8,2,3,0.01,24,4,8,4,24,,2,,ReLU
0.019818000000000002,5,0,0,128,200,8,8,1,6,8,0,3,0.01,24,2,8,4,8,1885.0,1,16240.0,Sigmoid
0.046158,5,0,1,256,200,0,4,2,1,8,1,3,0.001,24,3,8,4,24,1885.0,2,32234.0,Hardtanh
0.023128,5,0,1,64,300,24,8,1,3,8,2,3,0.0001,16,3,8,4,16,1885.0,1,40543.0,Sigmoid
0.019648,5,0,1,128,200,16,4,1,1,8,0,3,0.01,0,3,8,4,24,1885.0,2,23665.0,Sigmoid
0.06261599999999999,5,1,1,256,100,24,16,0,3,8,0,3,0.01,8,3,8,4,24,1885.0,1,84154.0,ReLU
0.032144,5,0,1,128,200,0,4,1,6,8,2,3,0.01,24,3,8,4,8,1885.0,2,26017.0,Sigmoid
0.020447999999999997,1,0,1,512,200,24,8,0,1,8,1,3,0.001,24,3,8,4,24,1885.0,1,46572.0,Sigmoid
0.072986,1,0,1,64,200,24,8,2,1,16,2,1,0.01,24,3,8,16,0,1885.0,2,95165.0,Hardtanh
0.030255,1,1,1,64,100,24,8,1,1,8,2,1,0.0001,0,3,8,16,16,1885.0,2,41127.0,Sigmoid
0.018913,1,0,1,64,300,24,8,0,1,8,2,1,0.01,16,3,8,16,24,1885.0,2,61265.0,Sigmoid
0.086101,1,0,1,64,200,24,8,1,1,8,2,6,0.01,24,3,8,16,0,1885.0,2,50728.0,ReLU
0.019229,1,0,1,64,200,24,8,0,1,8,2,1,0.01,8,3,8,16,8,1885.0,2,22945.0,Sigmoid
0.08870800000000001,1,1,1,64,200,24,8,2,1,16,2,1,0.001,24,3,8,8,0,1885.0,2,81342.0,Hardtanh
0.02426,1,0,1,64,100,24,8,1,1,8,2,1,0.0001,24,3,8,16,24,1885.0,2,67665.0,Sigmoid
0.017618,1,0,1,64,200,24,4,1,1,4,2,1,0.01,24,3,8,16,0,1885.0,2,11759.0,Sigmoid
0.016621,1,0,0,256,200,24,4,1,1,4,2,6,0.01,24,3,8,16,24,1885.0,2,35352.0,Sigmoid
0.017535,1,0,1,64,300,24,16,1,1,4,2,1,0.01,0,3,8,16,16,1885.0,2,32761.0,Sigmoid
0.08136,1,0,0,256,200,24,4,1,1,4,2,1,0.01,16,1,8,16,0,1885.0,2,6000.0,ReLU
0.025906000000000002,10,1,0,256,200,16,4,1,1,16,1,1,0.01,24,3,0,16,24,1885.0,2,92630.0,Sigmoid
0.719332,10,0,0,256,200,16,4,1,1,16,1,1,0.001,8,3,8,16,24,1885.0,2,87392.0,Sigmoid
0.6935439999999999,10,0,0,256,100,16,16,1,6,16,1,1,0.01,24,3,8,16,0,1885.0,2,177500.0,Hardtanh
0.981066,1,0,0,256,200,16,4,1,1,16,1,1,0.0001,24,4,8,16,8,1885.0,2,50552.0,Sigmoid
0.019561000000000002,10,1,0,256,300,16,4,1,1,16,1,1,0.01,24,3,0,16,24,1885.0,2,92630.0,Sigmoid
0.082082,1,0,0,256,200,16,4,1,6,16,1,1,0.01,0,1,8,16,0,1885.0,2,17944.0,ReLU
0.018565,10,0,0,256,200,16,16,1,1,16,1,1,0.01,16,3,8,16,16,1885.0,2,221912.0,Sigmoid
0.019983,1,0,0,256,200,16,4,1,1,16,1,1,0.001,24,3,8,16,24,1885.0,2,91552.0,Sigmoid
1.697857,1,0,0,256,100,16,4,1,1,16,1,1,0.01,8,4,0,16,0,1885.0,2,56156.0,Hardtanh
0.049787,10,1,0,256,200,0,8,2,6,4,1,1,0.0001,24,3,8,16,24,1885.0,2,40416.0,Sigmoid
0.021078,1,0,0,64,300,16,4,1,1,4,2,1,0.01,24,1,8,16,8,1885.0,2,5696.0,Sigmoid
,10,0,0,512,200,16,16,1,1,16,2,6,0.01,24,3,8,16,24,,2,,ReLU
1.219387,1,0,0,256,200,0,4,1,1,4,1,1,0.01,0,3,0,16,0,1885.0,2,6224.0,Sigmoid
0.01765,10,0,0,64,200,16,8,1,6,16,2,1,0.001,16,4,8,16,16,1885.0,2,173480.0,Sigmoid
1.037576,1,0,0,256,100,0,4,2,3,4,1,1,0.01,24,3,8,4,24,1885.0,2,12936.0,Hardtanh
0.061645000000000005,1,1,0,512,200,16,8,1,1,16,2,1,0.0001,8,1,8,16,24,1885.0,2,56706.0,Sigmoid
0.050976,10,0,0,256,200,16,4,1,3,4,2,6,0.01,24,3,8,4,0,1885.0,2,21528.0,Sigmoid
1.305776,1,0,0,64,300,24,16,1,1,16,1,1,0.01,24,3,0,16,8,1885.0,2,130240.0,ReLU
0.149426,10,0,0,256,200,0,4,1,3,4,2,1,0.01,24,3,8,4,24,1885.0,2,15780.0,Sigmoid
1.697858,1,0,0,64,200,24,8,2,6,16,2,1,0.001,0,4,8,16,0,1885.0,2,116770.0,Sigmoid
0.045374,10,1,0,256,100,16,4,1,1,4,1,1,0.01,16,3,8,4,16,1885.0,2,8150.0,Hardtanh
0.044591000000000006,1,0,0,512,200,24,8,1,3,16,2,6,0.0001,24,1,8,16,24,1885.0,2,69864.0,Sigmoid
0.018127,1,0,0,256,300,24,4,1,1,4,1,1,0.01,8,3,0,4,24,1885.0,2,8620.0,Sigmoid
0.9873569999999999,10,0,0,64,200,16,8,2,3,16,2,1,0.01,24,3,8,16,0,1885.0,2,98476.0,ReLU
0.017618,1,0,1,64,200,24,4,1,1,4,2,1,0.01,24,3,8,16,0,1885.0,2,11759.0,Sigmoid
0.018818,1,1,1,64,200,24,16,1,1,4,2,1,0.01,24,4,8,16,0,1885.0,2,41789.0,Sigmoid
0.108473,1,0,1,64,100,24,4,1,1,4,2,6,0.001,0,3,8,16,0,1885.0,2,15056.0,Hardtanh
0.025162,1,0,1,64,200,24,8,1,1,4,2,1,0.0001,24,3,8,16,0,1885.0,2,19303.0,Sigmoid
0.020398,1,0,1,64,300,24,4,2,1,4,2,1,0.01,16,1,0,16,0,1885.0,2,6579.0,Sigmoid
0.017515,1,0,1,64,200,24,8,1,1,4,2,1,0.01,24,3,8,16,0,1885.0,2,19303.0,Sigmoid
0.086248,1,1,1,64,200,24,4,1,1,4,2,1,0.01,8,3,8,16,0,1885.0,2,8621.0,ReLU
0.021185,1,0,1,64,200,24,16,1,1,4,2,6,0.01,24,4,8,16,0,1885.0,2,71968.0,Sigmoid
0.100116,1,0,1,64,200,24,4,1,1,4,2,1,0.001,24,3,8,16,0,1885.0,2,11759.0,Hardtanh
0.025386000000000002,1,0,1,64,300,24,8,2,1,4,2,1,0.0001,0,3,0,16,0,1885.0,2,13805.0,Sigmoid
0.017667,1,0,1,64,100,24,4,1,1,4,2,6,0.01,24,3,8,16,0,1885.0,2,20464.0,Sigmoid
0.017597,1,1,1,64,200,24,4,1,1,4,2,6,0.01,24,3,8,16,8,1885.0,2,17494.0,Sigmoid
0.103163,1,0,1,512,200,24,4,1,1,4,2,6,0.01,16,1,8,16,0,1885.0,2,7856.0,ReLU
0.10713699999999998,1,0,1,64,200,0,4,1,1,4,2,6,0.01,24,3,8,16,0,1885.0,2,19140.0,Sigmoid
0.018111000000000002,1,0,1,64,200,24,4,1,1,4,2,6,0.001,8,4,0,16,16,1885.0,2,28600.0,Sigmoid
0.081554,1,0,1,64,100,24,4,2,6,4,2,6,0.01,24,3,8,16,0,1885.0,2,42544.0,Hardtanh
0.06854299999999999,1,1,1,512,200,24,4,1,1,4,2,6,0.0001,24,3,8,16,8,1885.0,2,17494.0,Sigmoid
0.020919999999999998,1,0,1,64,300,24,4,1,1,4,2,6,0.01,0,1,8,8,0,1885.0,2,4272.0,Sigmoid
0.095201,1,0,1,64,200,0,4,0,1,4,2,6,0.01,24,3,8,16,16,1885.0,2,21748.0,ReLU
0.018484,1,0,1,64,200,24,4,1,6,4,2,6,0.01,16,3,8,16,0,1885.0,2,35680.0,Sigmoid
0.017608000000000002,1,0,1,64,200,24,4,1,1,4,2,6,0.01,24,3,8,16,24,1885.0,2,35400.0,Sigmoid
0.017702000000000002,1,0,1,64,300,24,16,1,1,4,2,6,0.01,0,3,8,16,16,1885.0,2,56736.0,Sigmoid
0.017535,1,0,1,64,300,24,16,1,1,4,2,1,0.01,0,3,8,16,16,1885.0,2,32761.0,Sigmoid
,1,0,1,64,300,24,16,1,1,4,2,6,0.01,0,3,8,16,16,,2,,Sigmoid
0.017535,1,0,1,64,300,24,16,1,1,4,2,1,0.01,0,3,8,16,16,1885.0,2,32761.0,Sigmoid
0.017535,1,0,1,64,300,24,16,1,1,4,2,1,0.01,0,3,8,16,16,1885.0,2,32761.0,Sigmoid
,1,0,1,64,300,24,16,1,1,4,2,6,0.01,0,3,8,16,16,,2,,Sigmoid
0.017535,1,0,1,64,300,24,16,1,1,4,2,1,0.01,0,3,8,16,16,1885.0,2,32761.0,Sigmoid
0.017535,1,0,1,64,300,24,16,1,1,4,2,1,0.01,0,3,8,16,16,1885.0,2,32761.0,Sigmoid
0.017535,1,0,1,64,300,24,16,1,1,4,2,1,0.01,0,3,8,16,16,1885.0,2,32761.0,Sigmoid
,1,0,1,512,300,24,16,1,1,4,2,6,0.01,0,3,8,16,16,,2,,Sigmoid
0.017535,1,0,1,64,300,24,16,1,1,4,2,1,0.01,0,3,8,16,16,1885.0,2,32761.0,Sigmoid
0.024206000000000002,1,0,1,64,300,24,16,1,1,4,2,1,0.01,0,4,8,16,16,1885.0,2,39368.0,Sigmoid
0.092396,1,0,1,64,300,0,16,1,1,4,2,1,0.01,0,3,8,8,16,1885.0,2,22901.0,Sigmoid
,1,0,1,64,300,24,16,1,1,4,2,6,0.01,0,3,8,16,16,,2,,Sigmoid
0.019155000000000002,1,0,1,512,300,24,16,1,1,4,2,1,0.001,0,3,8,16,16,1885.0,2,32761.0,Sigmoid
0.076739,1,0,1,64,300,24,16,0,1,4,2,1,0.01,0,1,0,16,16,1885.0,2,18931.0,Hardtanh
0.024506,1,0,1,64,300,8,16,2,6,4,2,1,0.0001,0,3,8,16,16,1885.0,2,37361.0,Sigmoid
0.017172,1,0,1,256,300,24,16,1,1,4,2,6,0.01,0,3,8,16,16,1885.0,2,56736.0,Sigmoid
1.382385,1,1,1,64,300,24,16,1,1,4,2,1,0.01,0,4,8,8,16,1885.0,2,30288.0,ReLU
0.017535,1,0,1,64,300,24,16,1,1,4,2,1,0.01,0,3,8,16,16,1885.0,2,32761.0,Sigmoid
0.10279300000000001,1,0,1,256,300,0,16,1,1,4,2,6,0.01,0,3,8,16,16,1885.0,2,55412.0,Sigmoid
0.020108,1,0,1,512,300,24,16,1,1,4,2,1,0.001,0,3,0,16,16,1885.0,2,32721.0,Sigmoid
0.07876699999999999,1,0,1,64,300,8,16,0,6,4,2,1,0.01,0,1,8,16,16,1885.0,2,20011.0,Hardtanh
0.035332,1,1,1,256,300,24,16,2,1,4,2,6,0.0001,0,3,8,16,8,1885.0,2,32305.0,Sigmoid
0.017825,1,0,1,64,300,24,8,1,1,4,2,1,0.01,8,3,8,8,16,1885.0,2,14369.0,Sigmoid
0.11417200000000001,1,0,1,64,300,24,16,1,1,4,2,1,0.01,0,4,8,16,16,1885.0,2,39368.0,ReLU
0.100076,1,0,1,256,300,0,8,1,1,4,2,1,0.01,16,3,8,16,8,1885.0,2,13493.0,Sigmoid
0.018578,1,0,1,64,100,24,16,1,6,4,2,6,0.001,0,3,0,16,16,1885.0,2,76936.0,Sigmoid
0.08946599999999999,1,0,1,512,300,24,8,0,1,4,2,1,0.01,8,1,8,16,16,1885.0,2,10875.0,Hardtanh
0.023361,1,1,1,64,300,8,16,2,1,4,2,1,0.0001,0,3,8,8,16,1885.0,2,24122.0,Sigmoid
0.018106999999999998,1,0,1,256,300,24,16,1,1,4,2,3,0.01,0,2,8,16,8,1885.0,2,16382.0,Sigmoid
0.017524,5,0,1,64,100,24,8,1,1,4,2,6,0.01,16,3,8,16,16,1885.0,2,38832.0,Sigmoid
0.082849,1,0,1,64,300,24,16,1,1,4,2,1,0.01,8,3,0,16,24,1885.0,2,49745.0,ReLU
0.099062,1,0,1,256,300,0,8,1,6,4,2,1,0.01,0,4,8,16,16,1885.0,2,26244.0,Sigmoid
0.019357,1,0,1,64,100,24,16,1,1,4,2,6,0.001,0,3,8,16,8,1885.0,2,30872.0,Sigmoid
0.085255,1,1,1,512,300,24,8,0,1,4,2,1,0.01,16,3,8,8,24,1885.0,2,20236.0,Hardtanh
0.027288,5,0,1,64,300,8,16,2,1,4,0,3,0.0001,0,1,8,16,16,1885.0,2,19323.0,Sigmoid
0.017935,1,0,1,256,300,24,8,1,1,4,2,6,0.01,8,2,8,16,16,1885.0,2,24224.0,Sigmoid
0.092568,1,0,1,128,100,24,16,1,1,4,2,1,0.01,0,3,0,16,24,1885.0,1,47041.0,ReLU
0.017641,1,0,1,64,300,24,16,1,6,4,2,1,0.01,0,3,8,16,16,1885.0,2,36601.0,Sigmoid
0.099998,1,1,1,256,300,0,8,1,1,4,2,6,0.01,24,3,8,16,24,1885.0,2,54866.0,Sigmoid
0.018803999999999998,1,0,1,64,200,24,16,1,1,4,2,1,0.001,16,4,8,8,8,1885.0,2,23284.0,Sigmoid
0.031944,5,0,1,64,100,24,8,0,1,4,0,1,0.01,24,3,8,16,16,1885.0,2,21195.0,Hardtanh
0.045354000000000005,1,0,1,512,300,8,16,2,1,4,1,3,0.0001,0,3,8,16,24,1885.0,1,53108.0,Sigmoid
0.018209,1,0,0,64,200,24,16,1,1,4,2,1,0.01,8,2,0,16,16,1885.0,2,27824.0,Sigmoid
0.020769,1,0,1,128,300,24,8,1,6,4,2,6,0.01,24,1,8,16,0,1885.0,2,20208.0,Sigmoid
0.025529,10,0,1,256,200,24,16,1,1,4,2,1,0.01,0,3,8,16,24,1885.0,2,49137.0,ReLU
0.194477,1,1,0,64,200,0,8,1,1,4,2,6,0.01,24,3,8,8,16,1885.0,2,33114.0,Sigmoid
0.020356,1,0,1,64,300,24,16,1,1,4,0,1,0.001,0,3,8,16,8,1885.0,2,15899.0,Sigmoid
1.697857,5,0,0,256,100,24,8,0,1,4,2,6,0.01,16,4,8,16,16,1885.0,1,45056.0,Hardtanh
0.038217,5,0,1,64,100,8,8,1,1,4,1,6,0.0001,16,3,8,16,0,1885.0,2,26067.0,Sigmoid
,5,0,1,512,100,24,8,2,6,4,2,6,0.01,16,3,0,16,24,,2,,Sigmoid
0.018116999999999998,5,0,0,128,100,24,8,1,1,16,2,6,0.01,16,2,8,16,16,1885.0,2,93616.0,Sigmoid
0.030133,5,1,1,64,100,24,8,1,1,4,2,6,0.01,16,3,8,4,0,1885.0,2,22102.0,ReLU
0.035213,5,0,0,256,100,0,8,1,1,4,2,6,0.01,16,1,8,16,24,1885.0,2,20980.0,Sigmoid
0.020231,5,0,1,64,100,24,8,1,1,4,0,6,0.01,16,3,8,8,16,1885.0,1,28378.0,Sigmoid
0.039300999999999996,5,0,1,64,100,24,8,0,1,4,2,6,0.001,16,3,8,16,0,1885.0,2,27056.0,Hardtanh
0.017686,5,0,1,256,100,16,8,1,3,4,1,6,0.01,16,4,0,16,16,1885.0,2,57340.0,Sigmoid
0.022782,5,0,0,64,100,8,8,2,1,16,2,6,0.0001,16,3,8,16,8,1885.0,2,77448.0,Sigmoid
,5,1,1,512,100,24,8,1,6,4,2,6,0.01,16,3,8,4,24,,2,,Sigmoid
0.029072000000000004,5,0,0,128,100,24,8,1,1,4,2,6,0.01,16,2,8,16,0,1885.0,2,20848.0,ReLU
0.017884,5,0,1,64,100,24,8,1,1,4,2,6,0.01,16,3,8,16,16,1885.0,1,37632.0,Sigmoid
0.021794,5,0,1,256,100,16,8,1,1,4,0,6,0.01,16,1,8,8,24,1885.0,2,10654.0,Sigmoid
0.98144,5,0,0,256,100,24,8,0,3,16,2,6,0.001,24,3,0,16,16,1885.0,2,161208.0,Hardtanh
0.038655,5,0,1,256,100,0,8,1,1,4,1,6,0.01,16,3,8,16,0,1885.0,2,27627.0,Sigmoid
0.041317,5,1,1,256,200,24,8,2,1,4,2,6,0.0001,24,3,8,16,8,1885.0,2,29921.0,Sigmoid
1.200568,10,0,0,256,100,8,8,1,6,4,2,6,0.01,8,4,8,4,16,1885.0,2,57216.0,Sigmoid
0.031072000000000002,5,0,1,256,200,24,8,1,1,4,2,6,0.01,24,3,8,16,24,1885.0,1,55080.0,ReLU
0.017469,5,0,1,256,200,24,8,1,1,4,2,6,0.01,16,2,8,16,0,1885.0,2,20880.0,Sigmoid
0.017531,10,0,0,256,100,24,8,1,1,16,2,6,0.01,24,3,0,8,16,1885.0,2,127632.0,Sigmoid
0.022522,5,0,1,256,200,16,8,0,3,8,0,6,0.001,24,1,8,16,24,1885.0,2,38726.0,Sigmoid
0.03288,5,1,1,256,200,24,8,1,1,4,1,6,0.01,16,3,8,16,16,1885.0,2,36675.0,Hardtanh
1.2006809999999999,10,0,0,256,100,24,8,2,1,4,2,6,0.0001,24,3,8,16,0,1885.0,2,36272.0,Sigmoid
0.034158999999999995,5,0,1,256,200,0,4,1,6,4,2,6,0.01,8,3,8,4,8,1885.0,1,18330.0,Sigmoid
0.025484,10,0,1,256,200,8,8,1,1,4,2,6,0.01,16,4,8,16,16,1885.0,2,48976.0,ReLU
0.016887,5,0,0,256,100,24,4,1,1,4,2,6,0.01,24,3,0,16,24,1885.0,2,36032.0,Sigmoid
0.019833,1,0,1,256,200,24,8,1,1,8,0,6,0.01,24,2,8,8,16,1885.0,2,32940.0,Sigmoid
0.021707,1,1,1,256,200,24,4,0,3,16,2,6,0.001,8,3,8,16,0,1885.0,2,66921.0,Sigmoid
0.033056999999999996,5,0,0,256,100,16,8,1,1,4,1,6,0.01,24,1,8,16,24,1885.0,2,21008.0,Hardtanh
0.053545,1,0,1,512,200,24,8,2,1,4,2,3,0.0001,16,3,8,16,16,1885.0,1,27127.0,Sigmoid
0.113041,1,0,1,256,100,0,4,1,6,4,2,6,0.01,24,3,8,4,0,1885.0,2,28188.0,Sigmoid
0.9803059999999999,10,0,0,128,200,24,8,1,1,4,2,6,0.01,16,3,0,16,8,1885.0,2,25056.0,ReLU
0.017338,1,0,1,256,200,24,4,1,1,4,2,6,0.01,24,4,8,16,16,1885.0,2,34272.0,Sigmoid
0.020363,5,1,1,256,100,8,8,1,1,8,0,3,0.01,8,3,8,8,24,1885.0,2,48199.0,Sigmoid
,1,0,0,512,200,24,4,0,3,16,2,6,0.001,24,3,8,16,16,,2,,Sigmoid
0.083169,1,0,1,128,200,24,8,1,1,4,1,6,0.01,16,1,8,16,0,1885.0,1,11143.0,Hardtanh
0.018161,5,0,1,256,100,16,8,2,1,4,2,6,0.01,24,2,8,16,24,1885.0,2,41576.0,Sigmoid
0.024422,1,0,0,256,200,24,4,1,6,4,2,6,0.0001,16,3,0,4,16,1885.0,2,34948.0,Sigmoid
0.027483999999999998,10,0,1,256,100,0,8,1,1,4,2,3,0.01,24,3,8,16,0,1885.0,2,24839.0,ReLU
0.017447,1,1,1,512,200,24,4,1,1,8,2,6,0.01,8,3,8,16,16,1885.0,2,36118.0,Sigmoid
0.020066,1,0,0,128,200,24,8,1,1,4,0,6,0.01,24,3,8,8,8,1885.0,2,19800.0,Sigmoid
,5,0,1,256,100,8,16,0,3,16,2,6,0.001,16,4,8,16,24,,1,,Sigmoid
0.083228,1,0,1,256,200,24,8,1,1,4,1,6,0.01,24,3,8,16,16,1885.0,2,39149.0,Hardtanh
0.12098099999999999,1,0,0,256,100,24,4,2,1,4,2,3,0.0001,16,2,0,16,0,1885.0,2,10654.0,Sigmoid
0.020378,5,0,1,512,200,16,16,1,6,4,2,6,0.01,24,1,8,4,24,1885.0,2,14176.0,Sigmoid
0.089387,1,1,1,128,200,24,8,1,1,4,2,6,0.01,8,3,8,16,16,1885.0,2,34742.0,ReLU
0.69496,10,0,0,256,100,0,4,1,1,4,2,6,0.01,24,3,8,16,0,1885.0,2,23716.0,Sigmoid
0.019565,1,0,1,256,200,24,16,1,1,8,0,3,0.01,16,3,8,8,8,1885.0,1,39089.0,Sigmoid
0.018105,5,0,1,64,100,24,8,1,3,16,2,6,0.001,24,4,8,16,16,1885.0,2,224464.0,Sigmoid
0.596601,1,0,0,64,300,8,4,0,1,4,1,6,0.01,16,3,0,16,24,1885.0,2,26464.0,Hardtanh
,1,0,1,512,200,24,16,2,1,4,2,6,0.0001,0,3,8,16,16,,2,,Sigmoid
0.017537,5,1,1,256,200,24,8,1,6,4,2,6,0.01,24,2,8,4,0,1885.0,2,22958.0,Sigmoid
0.078363,1,0,0,128,300,16,8,1,1,4,2,3,0.01,8,1,8,16,24,1885.0,2,16720.0,ReLU
0.018486000000000002,10,0,0,256,100,24,4,1,1,4,2,6,0.01,24,3,0,16,24,1885.0,1,35552.0,Sigmoid
0.017116,1,0,0,256,200,24,4,1,1,8,2,6,0.01,24,3,0,16,24,1885.0,2,56144.0,Sigmoid
110.217223,5,0,0,256,300,0,4,1,3,16,0,6,0.001,24,3,0,8,24,1885.0,2,124818.0,Sigmoid
0.03306,5,0,0,256,100,24,4,0,1,4,2,6,0.01,16,2,0,16,24,1885.0,2,21240.0,Hardtanh
0.018354,5,0,0,256,200,8,4,1,1,4,1,6,0.01,0,2,0,16,24,1885.0,2,18628.0,Sigmoid
0.034031,5,1,0,256,200,24,4,2,1,4,2,6,0.0001,16,2,0,4,24,1885.0,2,17482.0,Sigmoid
0.017287,5,0,0,256,300,24,4,1,6,4,2,6,0.01,0,2,0,16,24,1885.0,2,42432.0,Sigmoid
0.040517000000000004,5,0,0,256,100,24,4,1,1,4,2,6,0.01,24,2,0,16,24,1885.0,1,24392.0,ReLU
0.017702000000000002,5,0,0,256,200,24,4,1,1,4,2,6,0.01,24,2,0,16,0,1885.0,2,15208.0,Sigmoid
,5,0,0,256,200,24,4,1,1,4,2,6,0.01,24,2,0,16,0,,2,,Sigmoid
,5,0,0,256,200,24,4,1,1,4,2,6,0.01,24,2,0,16,0,,2,,Sigmoid
,5,0,0,256,200,24,4,1,1,4,2,6,0.01,24,2,0,16,0,,2,,Sigmoid
,5,0,0,256,200,24,4,1,1,4,2,6,0.01,24,2,0,16,0,,2,,Sigmoid
,5,0,0,256,200,24,4,1,1,4,2,6,0.01,24,2,0,16,0,,2,,Sigmoid
,5,0,0,256,200,24,4,1,1,4,2,6,0.01,24,2,0,16,0,,2,,Sigmoid
,5,0,0,256,200,24,4,1,1,4,2,6,0.01,24,2,0,16,0,,2,,Sigmoid
,5,0,0,256,200,24,4,1,1,4,2,6,0.01,24,2,0,16,0,,2,,Sigmoid
0.017971,5,0,0,256,200,24,4,1,1,4,2,6,0.01,24,2,0,16,24,1885.0,2,25304.0,Sigmoid
,5,0,0,256,200,24,4,1,1,4,2,6,0.01,24,2,0,16,0,,2,,Sigmoid
,5,0,0,256,200,24,4,1,1,4,2,6,0.01,24,2,0,16,24,,2,,Sigmoid
0.017653,5,0,0,256,200,24,16,1,1,4,2,6,0.01,24,2,0,16,0,1885.0,2,39112.0,Sigmoid
0.017404,5,0,1,256,200,24,8,1,1,4,2,6,0.01,24,4,0,16,24,1885.0,2,74088.0,Sigmoid
0.022984,1,0,0,256,200,24,4,1,1,4,2,6,0.01,24,3,8,16,0,1885.0,2,20416.0,Sigmoid
0.016899,5,0,1,256,200,24,16,1,1,4,2,6,0.01,24,3,8,16,24,1885.0,2,98328.0,Sigmoid
0.127212,1,0,0,256,200,24,8,1,1,4,2,3,0.01,24,3,0,16,0,1885.0,2,22990.0,Sigmoid
0.020549,5,0,1,256,200,16,4,1,1,4,2,6,0.01,8,1,8,16,24,1885.0,2,12192.0,Sigmoid
0.017362,1,0,1,256,200,24,8,1,1,4,2,6,0.01,0,3,8,16,0,1885.0,2,23440.0,Sigmoid
0.026019999999999998,10,0,0,256,200,0,16,1,1,4,2,6,0.01,16,2,8,16,24,1885.0,2,66388.0,Sigmoid
0.017366,1,0,1,256,300,24,4,1,1,8,2,3,0.01,24,3,0,8,0,1885.0,2,20245.0,Sigmoid
0.693449,5,0,0,256,200,24,8,1,3,16,0,6,0.001,24,4,8,16,24,1885.0,2,303312.0,Sigmoid
0.09428500000000001,1,0,1,256,100,8,16,0,1,4,2,6,0.01,0,3,8,16,0,1885.0,2,37248.0,Hardtanh
0.03687,1,0,1,256,200,24,8,1,1,4,1,6,0.0001,16,3,8,16,24,1885.0,2,49621.0,Sigmoid
0.017345,5,0,0,256,300,24,4,2,6,4,2,6,0.01,24,2,8,16,0,1885.0,2,30256.0,Sigmoid
0.020618,1,0,1,256,200,24,8,1,1,4,2,6,0.01,8,1,0,4,24,1885.0,2,6316.0,Sigmoid
0.041759,10,1,1,256,100,16,4,1,1,4,2,3,0.01,24,3,8,16,0,1885.0,2,15195.0,ReLU
0.017761000000000002,5,0,0,256,200,24,16,1,1,8,2,6,0.01,0,3,8,16,8,1885.0,2,54872.0,Sigmoid
0.108553,1,0,1,512,300,0,8,1,1,4,0,6,0.01,16,3,8,8,24,1885.0,1,37132.0,Sigmoid
0.021341,1,0,0,128,100,24,4,0,3,16,2,6,0.001,24,2,0,16,0,1885.0,2,49952.0,Sigmoid
0.032316000000000004,5,0,1,256,200,24,4,1,1,4,1,6,0.01,24,4,8,16,16,1885.0,2,32452.0,Hardtanh
,1,1,1,512,200,8,4,1,1,8,2,6,0.0001,8,4,8,16,16,,2,,Sigmoid
,1,1,0,512,300,24,4,2,6,8,2,6,0.01,8,4,8,4,16,,2,,Sigmoid
,1,1,1,512,200,24,4,1,1,8,2,6,0.01,8,4,0,16,16,,2,,Sigmoid
,1,1,0,512,100,24,4,1,1,8,2,6,0.01,8,4,8,16,16,,1,,ReLU
0.018951,1,1,1,512,200,16,4,1,1,8,2,6,0.01,8,4,8,16,16,1885.0,2,45904.0,Sigmoid
0.029347,1,1,0,512,300,24,4,1,1,8,0,6,0.01,8,4,0,8,16,1885.0,2,36808.0,Sigmoid
0.159386,1,1,1,512,200,0,4,0,3,8,2,6,0.001,8,4,8,16,16,1885.0,2,56092.0,Sigmoid
0.267761,1,1,1,512,100,24,4,1,1,8,1,6,0.01,8,4,8,16,16,1885.0,2,44332.0,Hardtanh
0.37746199999999996,1,1,0,512,200,24,4,2,1,8,2,6,0.0001,8,4,8,16,16,1885.0,2,51356.0,Sigmoid
0.693397,1,0,0,256,300,8,4,1,6,8,2,6,0.01,24,4,0,4,24,1885.0,2,112660.0,Sigmoid
0.9805969999999999,1,0,0,256,200,24,4,1,1,8,2,6,0.01,24,4,0,16,24,1885.0,1,71432.0,Sigmoid
1.697857,1,0,0,256,100,24,4,1,1,8,2,6,0.01,24,4,0,16,24,1885.0,2,73592.0,ReLU
0.6933779999999999,1,0,0,256,200,24,4,1,1,8,2,6,0.01,24,4,0,16,24,1885.0,2,73592.0,Sigmoid
0.69399,1,0,0,256,300,16,4,1,1,8,0,6,0.01,24,4,0,8,24,1885.0,2,56696.0,Sigmoid
1.215349,1,0,0,256,200,24,4,1,3,8,2,6,0.001,24,4,0,16,24,1885.0,2,99416.0,Sigmoid
1.697857,1,0,0,256,100,0,4,0,1,8,1,6,0.01,24,4,0,16,24,1885.0,2,61636.0,Hardtanh
0.9359850000000001,1,0,0,256,200,24,4,2,1,8,2,6,0.0001,24,4,0,16,24,1885.0,2,81224.0,Sigmoid
0.017893,1,0,0,256,300,24,4,1,6,8,2,6,0.01,24,3,0,16,24,1885.0,1,100640.0,Sigmoid
0.017181000000000002,1,0,0,256,200,8,4,1,1,8,2,6,0.01,24,3,0,4,24,1885.0,2,40732.0,Sigmoid
0.958583,1,0,0,256,100,24,4,1,1,8,2,6,0.01,24,3,0,16,24,1885.0,2,56144.0,ReLU
0.020744,1,0,0,256,200,24,4,1,1,8,2,3,0.01,24,1,0,16,24,1885.0,2,19376.0,Sigmoid
0.9805159999999999,1,0,0,256,300,24,4,1,1,16,0,6,0.01,24,4,0,16,24,1885.0,2,148952.0,Sigmoid
0.017804,10,0,0,256,200,16,4,1,3,8,2,6,0.001,24,3,0,8,24,1885.0,2,63616.0,Sigmoid
0.09109099999999999,1,0,0,256,100,24,4,0,1,16,2,6,0.01,24,3,0,16,24,1885.0,2,111152.0,Hardtanh
0.114889,1,0,0,256,200,0,4,2,1,8,1,6,0.0001,24,3,0,16,24,1885.0,1,53085.0,Sigmoid
0.017979,5,0,0,256,300,24,16,1,6,8,2,6,0.01,24,3,0,4,24,1885.0,2,160412.0,Sigmoid
0.017943,5,0,0,256,200,24,16,1,1,16,2,6,0.01,0,3,0,16,24,1885.0,2,358272.0,Sigmoid
0.980826,5,0,0,256,100,8,16,1,1,8,2,3,0.01,24,3,0,16,24,1885.0,2,135904.0,ReLU
0.017425,5,0,0,256,200,24,16,1,1,8,2,6,0.01,24,3,0,16,24,1885.0,2,167456.0,Sigmoid
0.021008000000000002,10,0,0,128,300,24,16,1,1,4,0,6,0.01,0,3,0,8,24,1885.0,2,63640.0,Sigmoid
0.017846,5,0,0,256,200,24,16,1,3,16,2,6,0.001,24,3,0,16,24,1885.0,2,410912.0,Sigmoid
0.08917,5,0,0,256,100,16,16,0,1,4,2,6,0.01,24,3,0,16,24,1885.0,1,91032.0,Hardtanh
0.018602,5,0,0,256,200,24,16,1,1,4,1,6,0.01,0,3,0,16,24,1885.0,2,79192.0,Sigmoid
0.034279000000000004,10,0,0,256,300,0,16,2,1,8,2,6,0.0001,24,3,0,4,24,1885.0,2,132812.0,Sigmoid
0.016549,5,0,0,256,200,24,16,1,6,4,2,3,0.01,24,3,0,16,24,1885.0,2,89072.0,Sigmoid
0.6941930000000001,5,0,0,256,100,24,16,1,1,4,2,6,0.01,24,3,0,16,24,1885.0,2,98240.0,ReLU
0.018078999999999998,5,0,0,128,200,8,16,1,1,4,2,6,0.01,0,3,0,16,24,1885.0,2,81552.0,Sigmoid
0.019458,10,0,0,256,300,24,16,1,1,8,0,6,0.01,24,3,0,8,24,1885.0,2,130408.0,Sigmoid
0.019879,5,0,0,256,200,24,16,1,1,4,2,6,0.001,24,3,0,16,24,1885.0,1,95696.0,Sigmoid
0.056182,5,0,0,256,100,24,16,0,3,16,2,6,0.01,0,3,0,16,24,1885.0,2,378192.0,Hardtanh
0.017519999999999997,5,0,0,256,200,16,16,1,1,4,1,3,0.01,24,3,0,16,24,1885.0,2,64792.0,Sigmoid
0.024447999999999998,10,0,0,256,300,24,16,2,1,4,2,6,0.0001,24,3,0,16,8,1885.0,2,49632.0,Sigmoid
0.065788,5,0,0,256,200,0,16,1,6,8,2,6,0.01,0,3,0,4,24,1885.0,2,142716.0,Sigmoid
,5,0,0,256,100,24,16,1,1,4,2,6,0.01,24,3,0,16,24,,2,,ReLU
0.017971,5,0,0,128,200,24,16,1,1,4,2,6,0.01,24,3,0,16,24,1885.0,2,98240.0,Sigmoid
0.022494999999999998,10,0,0,256,300,8,16,1,1,4,2,6,0.01,24,1,0,8,24,1885.0,1,18664.0,Sigmoid
0.01996,5,0,0,256,200,24,16,1,3,8,0,6,0.001,0,3,0,16,24,1885.0,2,156672.0,Sigmoid
2.192287,1,0,0,256,100,24,16,0,1,4,2,6,0.01,24,3,8,16,8,1885.0,2,43624.0,Hardtanh
0.056913,5,0,0,256,200,24,16,1,1,16,1,3,0.01,24,3,0,16,24,1885.0,2,344432.0,Sigmoid
0.028512,1,0,0,128,300,16,4,2,1,4,2,6,0.0001,0,3,8,16,24,1885.0,2,32976.0,Sigmoid
0.017715,5,0,0,256,200,24,16,1,6,8,2,6,0.01,24,3,8,4,24,1885.0,2,160488.0,Sigmoid
0.090589,1,0,0,256,100,0,4,1,1,4,2,6,0.01,24,1,0,16,24,1885.0,2,12532.0,ReLU
0.017738999999999998,10,0,0,256,200,24,4,1,1,4,2,6,0.01,24,3,8,16,8,1885.0,2,19048.0,Sigmoid
0.017775,1,0,0,256,300,24,16,1,1,4,2,6,0.01,0,3,8,16,24,1885.0,1,82088.0,Sigmoid
0.020308,5,0,0,256,200,8,4,1,3,8,0,6,0.001,24,3,0,8,24,1885.0,2,54504.0,Sigmoid
0.713017,1,0,0,256,100,24,4,0,1,16,2,3,0.01,24,3,8,16,24,1885.0,2,98088.0,Hardtanh
0.018602,5,0,0,256,200,24,16,1,1,4,1,6,0.01,0,3,0,16,24,1885.0,2,79192.0,Sigmoid
0.021225,1,0,0,256,200,16,16,1,6,8,2,6,0.01,24,1,8,4,8,1885.0,2,9856.0,Sigmoid
0.033260000000000005,5,0,1,256,100,24,4,1,1,4,2,6,0.01,24,3,0,16,24,1885.0,2,36080.0,ReLU
0.018869,1,0,0,256,200,24,4,1,1,4,2,6,0.01,0,3,8,16,24,1885.0,1,29672.0,Sigmoid
0.019852,5,0,1,256,200,24,4,1,3,8,0,3,0.001,24,3,8,8,24,1885.0,2,39617.0,Sigmoid
0.747504,1,0,0,256,100,8,16,0,1,16,2,6,0.01,0,3,0,16,24,1885.0,2,346288.0,Hardtanh
0.017578,1,0,1,128,200,24,4,1,1,4,1,6,0.01,24,3,8,16,8,1885.0,2,16341.0,Sigmoid
0.03412,5,0,0,256,300,24,16,2,1,4,2,6,0.0001,24,1,8,16,24,1885.0,2,38808.0,Sigmoid
0.033030000000000004,5,1,0,256,100,16,4,1,1,4,2,6,0.01,0,3,8,4,24,1885.0,1,22350.0,ReLU
0.017272,1,0,1,256,200,24,16,1,1,4,2,6,0.01,24,3,0,16,24,1885.0,2,97568.0,Sigmoid
0.040013,5,0,0,256,200,0,16,1,3,8,0,6,0.001,0,3,8,8,8,1885.0,2,47786.0,Sigmoid
0.082061,1,0,1,128,100,24,4,0,1,16,2,6,0.01,24,3,0,16,24,1885.0,2,111272.0,Hardtanh
0.020977000000000003,1,0,0,256,200,8,4,1,1,4,1,6,0.01,24,1,8,16,24,1885.0,2,12280.0,Sigmoid
0.032487,5,0,0,256,200,24,4,0,6,16,1,3,0.01,24,1,0,16,24,1885.0,2,43616.0,Hardtanh
RESULT,basis_density_per_A,batch_normalize_msg,batch_normalize_update,batch_size,epochs,inter_tp_weights_hidden_layers,irreps_message_scalars,irreps_message_tensors,irreps_message_vectors,irreps_node_scalars,irreps_node_tensors,irreps_node_vectors,lr,msg_weights_hidden_layers,n_pattern_layers,node_emb_hidden_layers,node_embedding_size,node_update_hidden_layers,size,spherical_harmonics_l,weights,weights_act
2899.172739,1,0,0,64,300,24,16,2,6,16,1,1,0.0001,24,3,0,4,16,1885.0,1,185868.0,Hardtanh
0.021043,1,1,0,64,200,8,4,1,3,4,1,1,0.001,8,1,8,8,16,1885.0,2,3692.0,Sigmoid
0.019593,10,1,0,512,300,24,8,0,6,4,1,3,0.01,16,2,0,16,16,1885.0,1,27548.0,Sigmoid
0.040132,5,1,0,128,100,0,4,2,6,16,2,1,0.001,8,1,8,16,16,1885.0,1,30950.0,Hardtanh
0.023163999999999997,5,0,0,128,300,8,4,2,6,8,1,1,0.001,16,1,0,16,0,1885.0,1,10736.0,Sigmoid
0.032198000000000004,5,0,0,64,300,0,4,1,6,8,1,3,0.01,8,1,0,4,0,1885.0,2,5854.0,Sigmoid
1.697858,1,0,0,64,200,8,16,1,3,4,0,1,0.0001,24,4,8,4,16,1885.0,1,28720.0,Hardtanh
,1,0,0,512,100,0,16,1,1,8,0,3,0.01,24,4,0,16,16,,2,,Hardtanh
1.091542,10,1,0,512,100,8,8,1,3,8,0,3,0.0001,8,4,8,8,24,1885.0,2,73920.0,Sigmoid
,5,1,1,512,100,16,16,1,6,8,0,3,0.001,8,2,8,16,8,,1,,Sigmoid
0.030943000000000002,10,0,1,256,200,24,8,1,3,4,0,3,0.001,16,4,0,16,16,1885.0,2,35268.0,Hardtanh
0.22474899999999998,1,0,1,128,100,8,8,2,6,4,1,1,0.0001,24,2,8,16,24,1885.0,2,30580.0,ReLU
0.039786,10,1,0,64,100,8,16,2,6,16,1,1,0.0001,24,2,8,8,16,1885.0,1,121208.0,ReLU
,1,0,0,512,200,0,8,1,1,16,0,6,0.001,8,4,8,4,24,,1,,Sigmoid
0.029138,10,1,0,128,200,24,8,1,1,4,2,6,0.001,24,1,8,4,16,1885.0,1,7218.0,Hardtanh
0.486695,1,0,0,256,200,24,4,1,6,4,0,3,0.0001,8,2,0,4,24,1885.0,2,12020.0,ReLU
0.169283,1,1,1,64,100,0,8,0,6,16,2,3,0.0001,0,4,8,4,0,1885.0,2,105178.0,ReLU
,10,0,0,512,100,16,16,0,1,8,1,6,0.01,8,3,0,8,24,,1,,ReLU
0.020646,10,1,1,256,100,24,8,2,1,16,2,6,0.001,0,2,0,8,8,1885.0,2,42478.0,Sigmoid
,10,0,1,512,300,8,16,2,3,4,0,6,0.001,8,4,8,4,24,,2,,Hardtanh
0.142123,5,1,0,128,300,0,4,2,6,16,2,1,0.0001,0,3,0,16,16,1885.0,1,76862.0,Hardtanh
0.035767,5,1,0,128,200,16,4,0,3,16,2,1,0.001,8,1,8,8,8,1885.0,2,10091.0,Hardtanh
0.036784,5,1,0,64,200,0,4,2,3,16,2,1,0.001,8,1,8,8,16,1885.0,1,20195.0,Sigmoid
0.037903,5,1,0,128,200,0,4,2,3,4,2,1,0.001,8,1,8,8,16,1885.0,2,4929.0,Hardtanh
0.022316,5,1,0,128,200,8,4,0,3,4,1,1,0.001,8,1,8,16,16,1885.0,1,6675.0,Sigmoid
0.022037,1,0,0,64,300,8,4,2,3,8,1,1,0.001,16,1,0,8,0,1885.0,2,5224.0,Sigmoid
0.028235000000000003,1,0,0,256,300,8,4,1,3,8,1,1,0.001,16,1,0,8,0,1885.0,1,4872.0,Sigmoid
0.022297,5,0,0,64,300,8,4,1,6,8,1,1,0.001,16,1,0,16,0,1885.0,2,10824.0,Sigmoid
0.018925,1,0,0,128,300,8,4,2,3,8,1,1,0.01,16,3,0,16,0,1885.0,1,19356.0,Sigmoid
0.02155,5,1,1,64,300,8,4,2,6,8,1,1,0.001,16,1,0,8,0,1885.0,2,6146.0,Sigmoid
0.023387,1,0,0,128,300,8,4,0,6,4,1,1,0.001,16,1,0,16,0,1885.0,1,6912.0,Sigmoid
0.020608,10,1,0,512,200,24,8,0,3,4,1,3,0.01,0,2,8,8,16,1885.0,1,13822.0,Sigmoid
0.019954,10,1,1,256,100,24,8,0,1,16,2,6,0.01,0,2,0,16,8,1885.0,2,49234.0,Sigmoid
0.019465,10,1,1,256,100,24,8,0,1,16,2,6,0.01,0,2,0,8,8,1885.0,2,40282.0,Sigmoid
0.019569,10,1,1,256,300,24,8,0,1,16,2,6,0.01,0,2,0,16,8,1885.0,1,49098.0,Sigmoid
0.019874,10,1,1,256,100,24,8,0,1,16,2,6,0.01,0,2,0,8,8,1885.0,1,40146.0,Sigmoid
0.019128,10,1,1,512,100,24,8,2,1,4,2,3,0.01,0,2,0,16,8,1885.0,2,11856.0,Sigmoid
0.026043,10,1,1,256,300,24,8,0,1,16,2,3,0.01,16,2,0,8,8,1885.0,2,39948.0,ReLU
0.020124,10,1,1,512,100,24,8,2,1,4,1,6,0.01,0,2,0,16,8,1885.0,1,14440.0,Sigmoid
0.018792,10,1,1,256,300,16,8,0,6,16,2,3,0.01,16,3,0,16,8,1885.0,2,83705.0,Sigmoid
0.019188999999999998,10,1,1,512,100,24,8,2,6,4,1,3,0.01,24,2,0,4,16,1885.0,1,17396.0,Sigmoid
,10,1,1,512,100,24,8,0,1,16,0,6,0.0001,16,2,0,8,8,,2,,ReLU
0.018299,10,1,1,256,300,24,16,2,6,4,2,3,0.01,0,2,0,16,16,1885.0,1,39234.0,Sigmoid
0.026369999999999998,10,1,1,512,100,16,8,2,1,4,1,6,0.001,24,2,0,8,16,1885.0,2,22436.0,Sigmoid
0.039419,10,1,1,256,300,24,8,0,6,16,0,3,0.0001,16,3,0,4,24,1885.0,1,162647.0,ReLU
0.123618,1,0,0,128,300,8,16,2,3,8,1,3,0.01,16,3,0,16,0,1885.0,1,68228.0,Hardtanh
0.020184,1,0,0,128,300,16,4,0,3,8,1,3,0.01,16,3,0,16,0,1885.0,1,23484.0,Sigmoid
0.103532,1,0,0,128,300,8,16,1,3,8,1,1,0.01,16,3,0,16,0,1885.0,1,59568.0,ReLU
0.018112,1,0,0,512,300,8,4,2,6,8,1,3,0.01,16,3,0,16,0,1885.0,1,31568.0,Sigmoid
1.994187,1,0,0,128,300,0,4,0,3,8,1,1,0.01,16,3,0,16,0,1885.0,1,17953.0,Hardtanh
0.02043,1,0,1,256,100,16,16,0,1,8,0,6,0.01,0,4,0,4,8,1885.0,2,50612.0,Sigmoid
0.017698,1,0,1,128,100,8,4,2,1,8,2,6,0.01,24,3,0,8,24,1885.0,2,50160.0,Sigmoid
0.10126399999999999,1,0,1,256,100,0,4,1,3,16,2,6,0.01,0,3,0,8,8,1885.0,2,41016.0,ReLU
1.3915540000000002,1,0,0,128,100,8,16,0,1,8,0,6,0.0001,24,3,0,4,0,1885.0,2,57852.0,Hardtanh
0.017837000000000002,1,0,1,256,200,16,4,2,3,16,2,1,0.01,0,4,8,8,24,1885.0,2,114876.0,Sigmoid
1.549924,5,0,0,512,100,8,8,2,1,4,2,3,0.01,0,4,0,16,8,1885.0,1,15404.0,Sigmoid
1.616535,1,0,0,512,100,0,4,2,3,4,0,3,0.0001,24,3,8,16,0,1885.0,2,16220.0,Hardtanh
0.021305,5,0,1,512,200,24,16,2,1,4,2,1,0.01,0,3,0,16,0,1885.0,1,24277.0,Sigmoid
1.697858,1,0,0,64,300,8,8,2,3,4,1,3,0.01,8,4,0,16,8,1885.0,2,18928.0,ReLU
0.035273,10,1,0,128,100,24,4,2,3,8,2,1,0.0001,0,2,8,16,24,1885.0,1,30006.0,Sigmoid
0.112417,1,0,1,512,200,0,4,2,1,4,0,1,0.01,16,3,0,16,0,1885.0,2,8201.0,Sigmoid
0.039056,5,1,0,128,300,8,8,2,3,8,1,3,0.01,8,2,0,16,8,1885.0,2,20490.0,Hardtanh
0.021807,10,1,1,64,100,16,4,2,1,4,2,1,0.01,24,4,8,16,0,1885.0,1,14850.0,Sigmoid
1.552353,1,0,0,256,300,24,16,1,6,8,1,3,0.0001,0,3,0,4,16,1885.0,1,63644.0,ReLU
0.018744,10,1,1,128,300,8,16,2,6,4,2,1,0.01,16,2,0,16,16,1885.0,1,35390.0,Sigmoid
0.018361000000000002,10,1,1,512,300,24,16,2,6,4,2,3,0.01,0,2,0,16,16,1885.0,1,39234.0,Sigmoid
0.018299,10,1,1,256,300,24,16,2,6,4,2,3,0.01,0,2,0,16,16,1885.0,1,39234.0,Sigmoid
0.020123,10,1,1,256,300,16,16,0,6,16,2,3,0.01,16,3,0,16,16,1885.0,1,254929.0,Sigmoid
0.021697,10,1,1,256,300,16,16,1,6,16,2,3,0.01,16,3,0,16,16,1885.0,1,258068.0,Sigmoid
0.020482,10,1,1,256,300,16,16,0,6,16,2,6,0.01,24,3,0,8,24,1885.0,2,384618.0,Sigmoid
0.020303,10,1,1,256,300,16,16,2,6,16,2,3,0.01,24,3,0,8,24,1885.0,2,335559.0,Sigmoid
0.018186,10,1,1,256,300,16,16,0,6,8,2,6,0.01,24,3,0,8,24,1885.0,2,173242.0,Sigmoid
0.018088,1,0,1,64,300,8,4,2,6,8,2,3,0.01,24,3,0,8,24,1885.0,1,56999.0,Sigmoid
0.017759999999999998,1,0,1,512,200,8,4,2,6,8,2,6,0.01,24,3,0,4,24,1885.0,1,79572.0,Sigmoid
0.021991999999999998,1,0,1,128,300,8,4,2,6,8,1,3,0.01,24,1,0,8,24,1885.0,1,13108.0,Sigmoid
0.018299,1,0,1,512,100,8,4,2,6,8,2,3,0.01,24,3,0,16,24,1885.0,1,69375.0,Sigmoid
0.01822,1,0,0,128,300,8,4,2,6,8,1,6,0.01,24,3,8,8,16,1885.0,1,57560.0,Sigmoid
0.11355599999999999,1,0,1,64,100,8,4,2,6,8,2,3,0.001,8,1,0,4,24,1885.0,1,6625.0,Hardtanh
0.027399,1,0,0,512,300,8,4,2,6,8,0,6,0.0001,24,3,0,16,16,1885.0,1,64040.0,Sigmoid
0.084844,1,0,1,128,200,16,4,2,3,8,1,1,0.01,8,4,8,8,24,1885.0,2,38184.0,ReLU
,1,0,1,512,200,16,4,2,1,16,2,1,0.01,16,4,8,8,24,,2,,Sigmoid
1.549925,1,0,0,128,200,8,4,1,3,8,2,6,0.01,0,4,8,8,24,1885.0,2,75296.0,Sigmoid
0.096997,1,0,1,64,200,16,4,2,1,16,1,1,0.001,24,4,8,8,24,1885.0,2,111400.0,Hardtanh
1.5499129999999999,1,0,0,512,200,8,4,2,3,8,0,6,0.01,16,4,8,8,24,1885.0,2,74816.0,Sigmoid
0.165946,1,0,1,128,200,0,4,2,1,16,2,1,0.0001,0,4,8,8,24,1885.0,2,106132.0,Sigmoid
1.697857,1,0,0,256,200,8,4,2,3,8,1,6,0.01,24,4,8,8,24,1885.0,2,85496.0,ReLU
0.018956999999999998,1,0,1,512,200,16,4,1,1,8,2,1,0.01,16,4,8,8,0,1885.0,2,20025.0,Sigmoid
0.807371,5,0,0,128,200,8,4,2,3,16,1,6,0.001,8,4,8,8,24,1885.0,2,164696.0,Sigmoid
0.089587,1,0,1,512,200,16,4,2,1,8,2,6,0.01,24,3,8,4,24,1885.0,2,46504.0,Hardtanh
0.17794300000000002,1,0,1,64,200,0,4,2,3,16,2,6,0.0001,24,1,8,4,24,1885.0,2,11880.0,Sigmoid
0.100881,1,0,1,256,200,8,4,2,1,8,2,6,0.01,24,4,8,4,24,1885.0,2,65120.0,ReLU
0.016965,1,0,1,128,200,8,4,1,3,8,2,6,0.01,24,3,8,4,24,1885.0,2,55856.0,Sigmoid
,5,0,1,512,200,16,4,2,1,16,2,6,0.001,24,3,8,4,24,,2,,Sigmoid
17.151877,1,0,1,128,200,0,4,2,1,16,2,6,0.01,24,3,8,4,24,1885.0,2,97064.0,Sigmoid
0.068176,1,0,1,512,200,8,4,2,3,8,2,6,0.0001,0,1,8,4,24,1885.0,2,6752.0,Sigmoid
0.032831,5,0,1,256,100,16,4,1,1,8,2,6,0.01,24,3,0,4,24,1885.0,2,42300.0,ReLU
0.021274,1,0,1,64,200,8,4,2,3,16,0,1,0.01,24,4,0,8,24,1885.0,2,110804.0,Sigmoid
0.019047,1,0,1,128,100,16,4,2,1,8,2,6,0.001,0,3,0,4,24,1885.0,2,40700.0,Sigmoid
RESULT,basis_density_per_A,batch_normalize_msg,batch_normalize_update,batch_size,epochs,inter_tp_weights_hidden_layers,irreps_message_scalars,irreps_message_tensors,irreps_message_vectors,irreps_node_scalars,irreps_node_tensors,irreps_node_vectors,lr,msg_weights_hidden_layers,n_pattern_layers,node_emb_hidden_layers,node_embedding_size,node_update_hidden_layers,size,spherical_harmonics_l,weights,weights_act
0.059311,10,1,0,128,300,8,4,1,1,4,0,6,0.0001,0,4,0,4,8,1885.0,2,10132.0,ReLU
0.061032,5,1,1,64,100,8,4,1,3,16,1,1,0.0001,0,4,8,4,0,1885.0,2,46248.0,ReLU
0.098437,5,1,0,512,300,0,16,2,1,16,1,3,0.0001,16,1,8,4,24,1885.0,1,37172.0,Hardtanh
1.697858,5,0,0,64,200,24,16,0,1,16,0,3,0.01,8,4,8,8,24,1885.0,1,379800.0,Hardtanh
0.026288,5,0,1,512,100,8,16,1,6,8,2,6,0.001,0,1,0,4,16,1885.0,2,12492.0,Sigmoid
0.025055,5,0,1,128,300,24,8,2,6,8,2,6,0.0001,0,4,0,4,0,1885.0,2,68260.0,Sigmoid
0.101802,1,1,1,256,200,0,4,2,1,8,2,3,0.01,8,4,8,16,24,1885.0,1,52344.0,Hardtanh
1.697857,1,0,0,256,200,16,16,1,6,4,0,1,0.0001,16,4,0,16,0,1885.0,2,35505.0,Sigmoid
0.129747,1,0,1,128,300,0,8,2,6,8,1,1,0.001,24,1,0,16,8,1885.0,2,16270.0,ReLU
0.055125,10,1,1,128,200,16,4,1,3,4,0,3,0.0001,8,1,0,16,24,1885.0,1,12703.0,Hardtanh
0.155613,1,0,1,128,300,16,4,0,1,16,2,1,0.0001,8,4,8,4,16,1885.0,2,64148.0,ReLU
0.023921,10,1,1,512,100,8,16,0,3,4,0,3,0.01,0,4,8,8,16,1885.0,1,36100.0,Sigmoid
0.997431,10,1,0,512,200,16,4,0,3,8,2,1,0.01,0,2,0,16,16,1885.0,1,18058.0,Hardtanh
0.036137999999999997,10,1,0,256,300,24,16,0,1,4,2,3,0.0001,16,3,8,8,16,1885.0,2,35427.0,Sigmoid
0.025341,5,0,1,128,300,24,8,0,1,8,1,1,0.0001,8,2,8,16,16,1885.0,2,30636.0,Sigmoid
0.466913,5,0,0,256,300,24,16,0,6,16,0,3,0.001,16,2,8,16,0,1885.0,1,121568.0,ReLU
0.425854,1,1,0,128,200,24,8,2,6,8,2,3,0.001,0,4,0,8,0,1885.0,2,48530.0,Hardtanh
2.445596,1,0,0,64,300,24,4,2,3,4,0,3,0.01,8,2,0,4,0,1885.0,2,5098.0,ReLU
0.183349,1,1,1,512,200,0,8,0,1,4,0,6,0.001,0,1,8,8,8,1885.0,1,3425.0,Sigmoid
0.587963,1,1,0,512,300,24,8,1,3,16,2,6,0.001,16,2,0,16,8,1885.0,1,59136.0,ReLU
0.036567,5,0,1,64,100,8,4,1,6,16,1,6,0.001,24,3,8,4,16,1885.0,2,104197.0,ReLU
0.021531,5,0,1,64,100,8,16,1,3,8,1,1,0.001,0,1,0,4,0,1885.0,2,7094.0,Sigmoid
0.044483,10,0,1,512,100,16,4,1,6,4,0,6,0.001,8,1,0,16,24,1885.0,1,23926.0,Hardtanh
0.475066,10,1,1,512,100,16,16,1,3,8,2,6,0.0001,24,1,0,16,24,1885.0,1,67812.0,Hardtanh
0.022203999999999998,10,1,1,128,200,8,16,1,6,4,0,6,0.001,8,1,0,4,24,1885.0,1,11793.0,Sigmoid
0.47178000000000003,10,0,1,512,100,16,4,1,3,8,2,6,0.0001,24,1,0,16,16,1885.0,1,19560.0,Hardtanh
0.020469,5,0,1,512,100,8,16,0,3,4,0,3,0.01,0,3,8,8,16,1885.0,2,27457.0,Sigmoid
,10,1,1,512,100,8,16,0,6,8,2,6,0.01,0,3,8,8,16,,1,,Sigmoid
,10,1,1,512,100,8,16,0,3,4,0,3,0.01,0,4,8,8,16,,2,,Sigmoid
,5,0,1,512,100,8,16,0,6,4,2,6,0.01,0,4,8,8,16,,1,,Sigmoid
0.019443000000000002,10,1,1,128,300,24,8,0,1,8,1,1,0.01,8,2,8,8,16,1885.0,2,22622.0,Sigmoid
0.026226,5,1,1,128,300,24,8,0,1,4,1,1,0.0001,8,2,8,8,16,1885.0,2,9790.0,Sigmoid
0.034437999999999996,5,0,1,128,300,0,8,0,1,8,1,1,0.01,8,2,8,8,8,1885.0,1,12963.0,Sigmoid
0.032665,10,1,1,64,100,8,8,0,1,4,1,1,0.0001,24,2,8,16,16,1885.0,1,17070.0,Sigmoid
0.023578,5,0,1,64,100,8,16,1,3,16,1,3,0.001,0,4,0,4,0,1885.0,2,171648.0,Sigmoid
0.020503999999999998,5,1,1,64,100,8,16,1,3,8,1,1,0.01,0,1,0,4,0,1885.0,2,7130.0,Sigmoid
0.020235,5,0,1,64,100,8,16,2,3,8,0,3,0.001,0,4,0,4,0,1885.0,1,53890.0,Sigmoid
0.019774,10,0,1,64,100,8,16,1,3,4,1,1,0.01,0,4,0,4,0,1885.0,2,16500.0,Sigmoid
0.021953999999999998,5,1,1,64,100,8,16,1,3,16,0,3,0.001,0,1,8,4,0,1885.0,1,14723.0,Sigmoid
0.031065,10,0,0,256,100,0,16,2,3,8,1,1,0.01,0,3,0,4,8,1885.0,2,30656.0,Sigmoid
0.09585700000000001,5,1,1,64,100,8,16,1,3,4,0,3,0.001,16,4,0,8,0,1885.0,1,32341.0,ReLU
0.020653,10,0,1,256,100,8,16,2,3,8,1,1,0.01,0,1,8,4,0,1885.0,2,7534.0,Sigmoid
0.023663,5,1,0,64,100,8,16,1,3,4,0,3,0.001,0,4,0,8,24,1885.0,1,52728.0,Sigmoid
0.031529,10,0,1,128,200,0,16,1,6,16,1,6,0.001,8,1,0,4,24,1885.0,2,52943.0,Hardtanh
,5,0,1,512,100,8,16,0,3,8,0,1,0.01,16,3,8,8,8,,2,,Sigmoid
0.037369,5,0,1,256,100,8,16,2,3,4,1,3,0.01,0,3,8,4,0,1885.0,2,17716.0,ReLU
0.03726,5,0,0,64,100,0,16,0,3,8,0,1,0.001,24,3,8,8,0,1885.0,2,50642.0,Sigmoid
0.03573,5,0,1,512,200,8,4,0,3,4,0,3,0.01,0,3,0,4,16,1885.0,2,8837.0,Hardtanh
0.020125999999999998,5,1,0,64,100,16,16,1,3,16,1,1,0.01,0,3,8,8,8,1885.0,2,93948.0,Sigmoid
0.12365799999999999,1,1,1,256,200,8,16,2,3,8,0,3,0.01,16,3,0,4,0,1885.0,2,45444.0,ReLU
0.020456000000000002,5,1,1,512,100,8,4,0,3,4,1,3,0.01,0,3,8,8,16,1885.0,2,11469.0,Sigmoid
0.093035,1,1,0,128,300,24,8,0,1,8,0,1,0.01,8,2,8,8,16,1885.0,2,20674.0,ReLU
0.025136000000000002,10,1,1,128,300,24,8,0,1,16,1,3,0.01,8,2,8,8,16,1885.0,2,63826.0,Hardtanh
0.020524,1,0,1,128,300,24,8,0,1,4,0,1,0.01,8,2,8,8,16,1885.0,2,8754.0,Sigmoid
0.022119,10,1,0,128,300,24,8,1,1,8,1,1,0.01,8,4,0,4,24,1885.0,2,54636.0,Sigmoid
0.024125999999999998,10,0,1,128,300,24,8,1,1,4,1,1,0.01,24,2,0,4,0,1885.0,2,8380.0,ReLU
0.05342,10,1,1,128,300,24,8,2,1,8,1,1,0.0001,8,4,0,16,8,1885.0,2,31092.0,Hardtanh
0.018404,10,0,1,64,300,16,8,1,1,16,1,1,0.01,16,2,0,4,0,1885.0,2,38580.0,Sigmoid
0.018544,10,1,0,256,300,24,8,1,1,4,1,1,0.01,8,4,0,16,24,1885.0,2,31440.0,Sigmoid
0.05587,10,0,1,128,200,0,4,2,1,8,1,1,0.0001,24,2,8,4,0,1885.0,2,13510.0,Sigmoid
0.024472999999999998,10,1,1,64,300,24,8,0,1,4,2,1,0.01,8,4,0,8,8,1885.0,2,11696.0,Hardtanh
0.023842,10,0,1,128,300,16,8,1,6,8,1,1,0.01,16,2,8,16,16,1885.0,2,38140.0,ReLU
0.085341,10,1,0,64,200,24,4,0,1,4,1,1,0.0001,8,4,0,8,16,1885.0,2,10508.0,Sigmoid
0.02411,10,0,1,128,300,0,8,1,6,16,2,1,0.01,24,2,8,4,24,1885.0,2,100390.0,Sigmoid
0.06486499999999999,1,1,1,256,300,24,8,0,1,8,1,1,0.01,8,4,0,8,0,1885.0,2,28846.0,Sigmoid
0.018680000000000002,10,1,0,64,100,16,16,1,3,16,1,1,0.01,0,3,8,8,8,1885.0,2,94556.0,Sigmoid
,10,1,0,64,100,16,16,1,3,16,1,1,0.01,0,3,8,8,8,,2,,Sigmoid
,10,1,0,64,100,16,16,1,3,16,1,1,0.01,0,3,8,8,8,,2,,Sigmoid
0.036527,1,1,0,64,100,16,16,1,3,16,1,1,0.01,0,3,8,8,8,1885.0,2,93468.0,Sigmoid
0.018294,10,1,0,64,100,16,16,1,3,16,1,1,0.01,0,2,8,8,8,1885.0,2,58864.0,Sigmoid
0.019188999999999998,5,1,0,64,100,16,16,1,3,16,1,1,0.01,0,4,8,8,8,1885.0,2,129640.0,Sigmoid
0.018494,10,1,0,64,100,16,4,1,3,16,1,1,0.01,0,3,8,8,8,1885.0,2,30548.0,Sigmoid
0.018667,10,1,0,64,200,16,16,1,6,16,1,6,0.01,0,2,8,8,8,1885.0,2,76262.0,Sigmoid
0.043955,5,1,0,64,100,16,16,1,3,16,1,1,0.01,16,4,8,8,16,1885.0,2,264248.0,Sigmoid
0.027607999999999997,1,1,0,64,300,24,8,1,1,4,2,1,0.0001,8,3,8,16,8,1885.0,2,11614.0,Sigmoid
0.033044,5,1,0,128,100,0,16,1,3,16,1,6,0.01,0,2,8,4,0,1885.0,2,85279.0,Hardtanh
0.018472,10,0,1,64,300,16,8,2,1,8,1,1,0.01,16,2,0,4,0,1885.0,2,14486.0,Sigmoid
0.026162,10,0,1,256,300,24,8,0,1,4,1,1,0.01,16,2,0,4,0,1885.0,2,7170.0,ReLU
0.023102,10,0,1,64,300,16,8,1,1,16,2,1,0.0001,16,2,0,4,0,1885.0,2,39537.0,Sigmoid
0.019813,10,1,0,256,300,24,8,0,1,4,1,6,0.01,8,2,0,16,24,1885.0,1,32202.0,Sigmoid
0.017981,10,1,1,256,300,24,8,1,1,8,1,1,0.01,16,2,0,16,24,1885.0,2,47600.0,Sigmoid
0.08782000000000001,10,1,0,256,300,24,8,2,1,4,1,1,0.01,8,2,0,16,24,1885.0,2,22758.0,Hardtanh
0.02068,10,0,1,256,300,24,8,0,1,8,1,1,0.01,16,2,0,16,24,1885.0,1,46148.0,Sigmoid
0.037158,10,1,0,256,300,16,8,1,1,16,2,1,0.01,16,4,0,16,24,1885.0,2,227264.0,ReLU
0.020959000000000002,10,1,0,256,300,16,8,1,1,16,1,6,0.001,16,1,0,16,24,1885.0,2,61178.0,Sigmoid
0.024044,10,0,0,256,300,16,4,1,6,16,1,1,0.0001,16,2,0,16,24,1885.0,2,70288.0,Sigmoid
0.019025,10,1,0,64,100,16,4,1,3,16,1,1,0.01,24,3,8,8,8,1885.0,2,38036.0,Sigmoid
0.10992,10,0,0,64,100,16,4,1,3,16,1,1,0.01,0,2,8,8,8,1885.0,1,20344.0,Hardtanh
0.01945,1,1,0,64,200,16,4,1,3,16,2,1,0.001,0,2,8,8,8,1885.0,2,20012.0,Sigmoid
1.208747,10,0,0,64,100,16,4,1,3,16,1,6,0.01,16,3,8,8,8,1885.0,2,49344.0,ReLU
0.020708,10,1,0,64,100,16,4,1,6,16,1,1,0.01,0,1,8,8,8,1885.0,2,10767.0,Sigmoid
0.028176999999999997,10,1,0,64,100,16,4,1,3,16,1,1,0.0001,24,2,8,4,8,1885.0,1,21280.0,Sigmoid
0.022698,10,0,0,64,200,16,4,1,3,16,1,1,0.01,0,3,8,8,8,1885.0,2,30512.0,Sigmoid
0.083074,1,1,0,64,100,16,4,1,3,16,2,1,0.01,16,2,8,4,8,1885.0,2,20040.0,Hardtanh
0.026534,10,0,1,64,300,16,8,2,1,8,1,3,0.001,16,2,0,4,0,1885.0,2,16398.0,ReLU
0.018065,10,0,1,512,300,16,8,2,1,8,1,6,0.01,16,2,0,4,0,1885.0,2,21156.0,Sigmoid
0.025216,10,0,1,64,300,16,8,2,1,8,1,1,0.0001,16,2,0,4,0,1885.0,1,13910.0,Sigmoid
0.026379000000000003,10,0,1,64,300,0,8,2,1,16,0,1,0.01,16,2,0,4,0,1885.0,2,53166.0,Sigmoid
0.099389,1,0,1,64,300,16,8,2,1,8,1,1,0.01,16,2,0,4,0,1885.0,2,13398.0,Hardtanh
0.030136000000000003,10,1,1,256,200,0,8,1,1,16,2,3,0.001,16,2,0,16,24,1885.0,2,135852.0,Sigmoid
0.023998,10,1,1,256,300,24,8,1,6,16,1,1,0.01,16,2,0,16,24,1885.0,2,124730.0,ReLU
0.026943,10,1,1,256,300,0,8,1,1,8,1,1,0.01,16,2,0,16,24,1885.0,1,49057.0,Sigmoid
0.021648,10,1,1,512,300,24,8,1,1,16,0,6,0.01,16,1,0,16,24,1885.0,2,63912.0,Sigmoid
0.028968999999999998,1,1,1,256,200,24,16,1,6,8,1,1,0.0001,24,2,0,16,24,1885.0,2,97730.0,Sigmoid
0.026451,10,1,1,256,300,0,8,1,1,16,1,3,0.01,16,2,0,16,24,1885.0,2,133430.0,Sigmoid
0.029776,10,1,1,512,300,24,16,1,1,8,1,1,0.001,16,2,0,16,24,1885.0,2,88208.0,Hardtanh
0.018925,10,0,1,256,300,16,8,1,1,16,2,1,0.01,24,2,0,16,0,1885.0,1,60513.0,Sigmoid
0.021654,1,1,1,512,200,16,8,1,6,16,0,6,0.01,16,1,0,16,24,1885.0,2,72517.0,Sigmoid
0.026911,10,1,1,256,300,24,16,1,1,8,1,1,0.01,16,2,0,16,0,1885.0,2,46444.0,ReLU
0.028928,10,0,1,256,300,16,8,1,1,16,1,1,0.0001,16,2,0,4,24,1885.0,2,73584.0,Sigmoid
0.024557,10,1,1,64,300,0,16,1,1,8,1,3,0.01,24,2,0,16,8,1885.0,2,46302.0,Sigmoid
0.033201,10,1,1,512,200,24,8,1,6,16,1,1,0.001,16,1,0,4,0,1885.0,1,15401.0,Hardtanh
0.018247,1,0,1,256,300,16,16,1,1,8,2,1,0.01,16,2,0,4,24,1885.0,2,46938.0,Sigmoid
0.025374,10,1,1,64,300,24,8,1,1,16,0,6,0.01,16,2,0,16,16,1885.0,2,91608.0,ReLU
0.018694,10,0,0,256,100,8,16,1,1,16,1,1,0.01,0,2,0,8,8,1885.0,2,55032.0,Sigmoid
0.02314,5,1,1,64,300,16,8,1,6,8,1,1,0.0001,24,2,0,4,0,1885.0,2,17652.0,Sigmoid
0.021058,10,0,0,512,200,16,8,2,1,8,1,6,0.01,16,1,0,16,24,1885.0,2,34024.0,Sigmoid
0.027612,10,1,1,512,100,24,16,2,1,8,1,6,0.01,0,2,8,4,0,1885.0,1,32194.0,Hardtanh
,1,1,0,512,300,16,16,2,1,8,0,6,0.01,0,2,8,16,16,,2,,ReLU
0.018321,10,1,1,512,100,8,8,2,3,8,1,6,0.01,16,2,0,8,24,1885.0,2,53304.0,Sigmoid
0.05274500000000001,5,0,0,512,300,24,8,2,1,8,1,6,0.0001,24,1,8,4,8,1885.0,2,7336.0,Sigmoid
,10,1,1,512,100,16,16,2,6,8,1,6,0.01,0,2,0,16,0,,1,,Sigmoid
,10,0,0,512,200,16,8,2,3,8,1,6,0.01,16,4,8,8,8,,2,,Hardtanh
,10,1,1,512,300,24,16,2,1,8,2,6,0.001,16,2,0,4,0,,2,,Sigmoid
0.193926,1,1,0,512,100,16,8,2,3,8,0,6,0.01,0,2,8,8,24,1885.0,2,47458.0,ReLU
RESULT,basis_density_per_A,batch_normalize_msg,batch_normalize_update,batch_size,epochs,inter_tp_weights_hidden_layers,irreps_message_scalars,irreps_message_tensors,irreps_message_vectors,irreps_node_scalars,irreps_node_tensors,irreps_node_vectors,lr,msg_weights_hidden_layers,n_pattern_layers,node_emb_hidden_layers,node_embedding_size,node_update_hidden_layers,size,spherical_harmonics_l,weights,weights_act
0.0484,5,1,1,64,300,8,4,2,1,8,1,3,0.001,24,4,8,16,0,1885.0,1,28006.0,ReLU
0.032017000000000004,10,1,0,64,100,0,4,0,6,4,1,6,0.001,16,1,0,16,8,1885.0,1,14283.0,Sigmoid
0.030454000000000002,10,1,0,512,300,0,4,0,3,16,2,1,0.01,0,3,8,4,0,1885.0,1,50407.0,Hardtanh
1.697858,1,0,0,64,200,0,4,2,6,16,0,6,0.0001,8,4,0,8,16,1885.0,1,136942.0,Hardtanh
,5,0,0,512,300,16,8,1,6,4,0,6,0.01,16,4,8,16,16,,2,,Hardtanh
0.023195,5,0,1,128,200,16,8,0,3,16,0,6,0.001,16,4,0,8,16,1885.0,2,179168.0,Sigmoid
0.354381,5,1,0,512,300,8,16,0,6,4,2,1,0.001,8,4,0,4,24,1885.0,1,41612.0,Hardtanh
0.117155,1,1,1,512,300,0,4,0,1,4,1,1,0.01,24,3,0,8,16,1885.0,2,8377.0,ReLU
0.031335,10,1,0,256,200,24,16,0,1,16,0,3,0.001,24,3,8,8,24,1885.0,2,286715.0,Hardtanh
0.038355,10,1,1,128,200,0,4,0,1,16,2,1,0.001,0,4,8,16,0,1885.0,1,69686.0,Sigmoid
0.077458,5,0,0,256,200,0,16,1,6,4,1,1,0.0001,24,1,8,8,16,1885.0,2,14816.0,ReLU
0.028133999999999996,10,0,0,256,200,0,4,2,6,8,1,3,0.001,16,2,0,4,8,1885.0,1,16387.0,Sigmoid
0.046631,1,1,1,128,100,16,4,1,1,4,2,1,0.0001,8,2,8,16,24,1885.0,2,12642.0,Sigmoid
0.033663,10,0,0,64,300,8,8,1,6,16,0,3,0.0001,16,2,0,8,24,1885.0,2,103336.0,ReLU
0.023875999999999998,10,0,0,128,200,0,4,1,3,16,1,6,0.01,8,2,0,16,8,1885.0,2,52212.0,Hardtanh
0.020249,1,0,1,128,100,16,8,2,3,8,0,6,0.01,24,2,8,4,16,1885.0,2,32500.0,Sigmoid
0.09116,1,0,0,128,300,0,8,0,6,4,0,6,0.001,24,3,0,16,24,1885.0,2,75418.0,Sigmoid
0.058632000000000004,5,0,0,128,200,0,8,0,6,16,0,6,0.0001,0,2,0,16,0,1885.0,1,81154.0,Sigmoid
0.927426,10,1,0,256,300,16,4,2,3,4,0,3,0.01,8,3,0,8,16,1885.0,1,13071.0,ReLU
0.042726,5,0,1,128,100,0,8,0,3,16,0,1,0.001,8,3,8,16,0,1885.0,1,85349.0,Hardtanh
0.114357,1,1,1,512,100,24,4,0,1,4,1,1,0.01,16,1,0,8,8,1885.0,1,2707.0,ReLU
0.030476999999999997,10,1,0,64,100,24,16,0,1,8,1,3,0.001,24,1,8,8,8,1885.0,2,15881.0,Hardtanh
0.051511,5,1,1,256,200,24,16,0,3,16,0,3,0.001,16,4,8,8,24,1885.0,2,406536.0,Hardtanh
0.020658000000000003,5,0,1,256,200,24,16,0,3,16,0,3,0.001,24,3,8,8,24,1885.0,2,298673.0,Sigmoid
0.01987,5,1,1,256,200,16,16,0,1,16,0,6,0.001,16,3,8,8,16,1885.0,2,210221.0,Sigmoid
0.028782,10,0,1,256,200,24,8,0,1,16,0,3,0.001,0,4,0,8,24,1885.0,2,196980.0,Hardtanh
0.020873,5,1,1,128,200,24,16,0,3,16,0,3,0.001,16,4,8,8,16,1885.0,2,280552.0,Sigmoid
,10,0,1,512,300,16,8,0,3,16,2,1,0.01,0,3,0,4,0,,1,,Hardtanh
,5,1,1,512,300,8,8,2,3,8,2,1,0.01,0,4,8,4,0,,1,,Sigmoid
,10,0,0,512,300,16,8,0,3,16,2,6,0.01,0,3,0,4,0,,1,,Hardtanh
0.020249,1,0,1,128,100,16,8,2,3,8,0,6,0.01,24,2,8,4,16,1885.0,2,32500.0,Sigmoid
0.019793,1,0,1,128,100,16,8,2,3,8,0,6,0.01,24,2,0,4,16,1885.0,2,32424.0,Sigmoid
0.037909,1,0,1,128,100,16,8,2,3,8,0,6,0.0001,16,2,8,4,16,1885.0,2,30420.0,Sigmoid
0.020502,1,0,1,128,100,16,8,2,3,8,0,6,0.01,16,4,0,4,16,1885.0,2,74388.0,Sigmoid
0.022298,1,0,1,64,100,16,8,2,3,8,0,6,0.01,24,1,8,4,16,1885.0,2,8846.0,Sigmoid
0.019343,1,0,1,128,100,8,8,2,3,8,0,6,0.01,16,4,0,4,16,1885.0,2,73420.0,Sigmoid
0.021278000000000002,5,0,1,128,100,16,8,2,3,8,0,6,0.001,24,2,8,4,16,1885.0,2,32980.0,Sigmoid
0.025041,1,0,1,64,200,16,8,1,3,8,0,6,0.0001,24,4,0,8,16,1885.0,2,83344.0,Sigmoid
0.041564,5,0,1,128,100,16,8,2,3,8,2,6,0.001,16,2,8,4,16,1885.0,2,34552.0,ReLU
0.020356,5,0,1,128,200,8,8,2,3,8,1,6,0.01,24,1,0,8,16,1885.0,2,14855.0,Sigmoid
0.019913,1,0,1,128,100,16,8,2,3,8,0,6,0.01,24,2,8,4,8,1885.0,2,20420.0,Sigmoid
0.019791,1,0,1,128,100,16,8,2,6,8,0,6,0.01,24,2,8,4,16,1885.0,2,39988.0,Sigmoid
0.08763,1,0,1,64,100,16,8,2,3,8,2,6,0.01,24,2,8,4,16,1885.0,2,36392.0,ReLU
0.019007,5,1,1,256,200,8,16,1,1,16,1,6,0.001,16,3,8,8,16,1885.0,2,212107.0,Sigmoid
0.050298,5,1,1,256,200,16,16,1,1,4,0,6,0.0001,8,3,8,16,8,1885.0,2,31200.0,Sigmoid
0.03879,5,1,1,256,200,16,16,0,1,16,0,6,0.001,16,3,8,8,16,1885.0,2,210221.0,ReLU
0.024236,1,1,1,256,200,16,16,1,1,16,1,6,0.0001,16,3,8,16,16,1885.0,2,250483.0,Sigmoid
0.022762,5,1,1,256,200,8,16,0,1,4,0,6,0.001,8,1,0,8,8,1885.0,2,6615.0,Sigmoid
0.48694899999999997,1,1,0,256,300,16,16,1,1,16,2,1,0.001,16,3,0,8,16,1885.0,1,187198.0,ReLU
0.092835,5,1,1,64,100,0,4,2,1,4,0,6,0.0001,0,2,0,16,0,1885.0,2,10752.0,Sigmoid
,1,1,1,512,200,16,16,0,6,16,0,6,0.001,8,3,0,4,24,,2,,Sigmoid
0.022019,5,1,0,256,100,16,4,0,1,16,1,1,0.01,16,1,0,8,16,1885.0,1,14289.0,Sigmoid
0.128699,1,1,1,256,300,0,16,2,6,8,0,3,0.001,24,2,0,16,8,1885.0,2,47714.0,ReLU
0.098486,10,1,0,64,200,24,16,0,1,4,0,6,0.01,8,3,0,8,16,1885.0,2,45123.0,Hardtanh
0.06915700000000001,5,1,1,512,100,8,4,1,1,16,2,6,0.0001,24,2,0,4,24,1885.0,2,50952.0,Sigmoid
0.021768,1,0,1,128,100,8,8,2,3,8,1,1,0.01,16,4,0,4,0,1885.0,1,30250.0,Sigmoid
1.697857,1,0,0,128,100,8,8,2,3,8,0,3,0.01,0,4,0,4,16,1885.0,2,43988.0,ReLU
0.089901,1,0,1,128,100,8,8,2,6,8,0,6,0.01,16,4,8,4,16,1885.0,2,91544.0,Hardtanh
0.01956,1,0,1,128,100,8,8,2,6,8,0,3,0.01,24,4,8,4,24,1885.0,1,87180.0,Sigmoid
1.386297,1,0,0,128,100,8,4,2,6,8,2,1,0.01,8,4,8,4,8,1885.0,2,17712.0,Sigmoid
0.094034,1,0,1,128,100,8,8,2,6,8,1,6,0.01,0,4,0,4,0,1885.0,2,60746.0,Hardtanh
0.026635000000000002,1,0,1,128,100,8,8,2,6,8,0,6,0.01,16,4,8,4,16,1885.0,1,88920.0,Sigmoid
0.09729299999999999,1,0,1,128,100,24,8,2,6,8,0,3,0.01,24,1,0,4,16,1885.0,2,9303.0,ReLU
0.029036000000000003,10,0,0,512,300,0,4,2,6,8,0,1,0.01,16,2,8,4,24,1885.0,2,21158.0,Sigmoid
0.095103,1,0,1,128,100,8,8,2,6,4,2,6,0.01,24,4,0,16,0,1885.0,1,64088.0,Hardtanh
0.019793,1,0,1,128,100,16,8,2,3,8,0,6,0.01,24,2,0,4,16,1885.0,2,32424.0,Sigmoid
0.019793,1,0,1,128,100,16,8,2,3,8,0,6,0.01,24,2,0,4,16,1885.0,2,32424.0,Sigmoid
0.01881,5,1,1,256,200,8,16,1,6,16,1,6,0.001,16,3,8,8,16,1885.0,2,253882.0,Sigmoid
0.018621000000000002,10,1,1,256,200,8,16,1,1,16,1,6,0.001,16,3,8,8,16,1885.0,2,212411.0,Sigmoid
0.023282,5,0,1,64,300,8,16,1,6,16,1,6,0.001,16,3,8,8,16,1885.0,2,253765.0,Sigmoid
0.032775,5,1,1,256,200,8,16,1,1,8,1,6,0.0001,16,4,8,4,16,1885.0,2,110916.0,Sigmoid
0.025296000000000003,1,0,1,512,100,8,16,1,6,16,1,6,0.001,16,1,8,8,16,1885.0,2,43463.0,Sigmoid
0.018356,10,0,1,256,200,8,8,1,1,4,1,6,0.01,16,3,8,16,16,1885.0,2,35309.0,Sigmoid
0.020865,1,1,1,128,100,8,4,1,6,8,1,3,0.001,16,4,8,4,24,1885.0,1,60116.0,Sigmoid
0.020723,5,0,1,128,300,8,8,1,1,8,1,3,0.01,16,4,8,8,24,1885.0,1,70104.0,Sigmoid
0.029304000000000004,1,0,1,64,200,8,16,1,1,16,1,3,0.0001,0,4,8,4,24,1885.0,1,349624.0,Sigmoid
0.043813,5,1,1,256,100,8,8,1,6,8,1,3,0.01,16,4,8,8,24,1885.0,1,96036.0,Sigmoid
0.023149,1,0,1,128,200,8,8,2,1,16,0,3,0.001,8,4,8,4,24,1885.0,1,181732.0,Sigmoid
,10,1,1,512,100,8,16,2,6,4,1,3,0.01,16,4,8,16,24,,1,,Hardtanh
1.697857,5,0,0,256,100,8,8,1,3,8,2,3,0.001,0,4,8,4,24,1885.0,1,71688.0,ReLU
0.024321000000000002,1,1,1,128,200,24,4,2,1,16,0,3,0.01,24,4,8,8,24,1885.0,1,114384.0,Sigmoid
0.051797,5,0,1,64,300,0,16,2,3,8,0,3,0.0001,16,3,8,4,8,1885.0,1,37501.0,Sigmoid
0.019348,1,0,1,128,100,8,8,1,6,8,1,3,0.001,8,4,8,8,24,1885.0,1,90744.0,Sigmoid
0.021928,1,1,1,256,200,8,8,2,1,16,0,3,0.01,16,1,0,16,0,1885.0,1,27982.0,Sigmoid
0.9811719999999999,5,0,0,128,100,8,16,1,3,4,2,1,0.001,24,3,8,4,8,1885.0,1,16488.0,ReLU
0.029791,10,1,1,512,200,24,8,2,1,8,0,3,0.01,16,4,0,8,24,1885.0,1,71224.0,Hardtanh
0.258416,1,0,1,256,100,0,4,2,3,16,1,1,0.0001,24,4,8,4,24,1885.0,1,106533.0,Sigmoid
0.017588999999999997,10,1,1,256,200,8,16,1,1,4,1,6,0.01,16,3,8,16,16,1885.0,2,62035.0,Sigmoid
0.019334,10,0,0,256,200,8,8,1,1,4,1,6,0.001,16,3,0,16,16,1885.0,2,35224.0,Sigmoid
0.019368,10,1,1,256,200,8,16,1,1,4,1,6,0.001,16,3,8,16,16,1885.0,2,62035.0,Sigmoid
0.034142,10,1,1,256,200,24,16,1,1,4,1,6,0.001,16,3,8,16,16,1885.0,2,64259.0,ReLU
0.028791000000000004,10,1,1,256,200,8,16,1,1,16,1,6,0.001,16,3,8,8,16,1885.0,2,212411.0,Hardtanh
0.018621000000000002,10,1,1,256,200,8,16,1,1,16,1,6,0.001,16,3,8,8,16,1885.0,2,212411.0,Sigmoid
0.035139,10,1,1,256,200,0,16,1,1,4,1,6,0.001,16,3,8,16,16,1885.0,2,65723.0,Sigmoid
0.020534,10,1,0,256,200,8,16,1,1,16,1,6,0.001,16,3,8,8,16,1885.0,2,212294.0,Sigmoid
0.019203,10,1,1,256,200,8,16,1,1,4,1,6,0.001,16,3,8,16,0,1885.0,2,46297.0,Sigmoid
0.027961,10,1,1,256,200,24,16,1,1,16,1,6,0.001,0,3,8,8,16,1885.0,2,206643.0,ReLU
0.028541000000000004,10,1,1,256,200,8,16,1,6,16,1,6,0.001,16,3,8,8,8,1885.0,2,139474.0,Hardtanh
0.036173000000000004,10,1,0,256,200,0,16,1,1,4,1,6,0.001,8,3,8,16,16,1885.0,2,59998.0,Sigmoid
0.029523,10,1,1,256,200,8,16,1,6,16,1,6,0.001,16,3,8,8,16,1885.0,2,254186.0,Sigmoid
0.01926,10,1,1,256,200,8,16,1,1,4,1,1,0.001,16,3,8,8,16,1885.0,2,25924.0,Sigmoid
0.06230499999999999,10,1,1,256,200,8,4,1,6,16,1,6,0.0001,0,3,8,16,0,1885.0,2,78536.0,ReLU
0.019877000000000002,10,1,1,256,200,24,16,1,1,16,1,6,0.001,16,3,8,8,16,1885.0,2,218667.0,Sigmoid
0.036676,10,1,0,256,200,8,16,1,1,4,1,6,0.001,16,3,8,16,8,1885.0,2,37390.0,Hardtanh
0.030414999999999998,10,1,1,64,200,0,4,1,1,16,1,6,0.001,8,1,8,8,16,1885.0,2,33581.0,Sigmoid
0.030052,10,1,1,256,300,8,16,1,1,16,1,1,0.0001,16,3,8,8,16,1885.0,2,183916.0,Sigmoid
0.020697999999999998,10,1,1,256,200,8,16,0,1,4,2,6,0.001,16,3,8,16,16,1885.0,2,62195.0,Sigmoid
,10,1,1,512,200,8,16,1,1,4,1,6,0.01,0,3,8,16,0,,2,,Sigmoid
0.024451,10,1,1,256,200,24,4,1,1,4,1,6,0.01,16,3,8,16,16,1885.0,2,24251.0,ReLU
0.029338,10,1,0,256,200,8,16,1,1,4,1,6,0.01,8,1,8,16,16,1885.0,2,22050.0,Hardtanh
0.025334,10,1,1,64,300,0,16,0,1,4,1,1,0.01,16,3,8,16,8,1885.0,2,23337.0,Sigmoid
0.017406,10,1,1,256,200,8,16,1,1,4,2,6,0.01,16,3,8,16,16,1885.0,2,65206.0,Sigmoid
0.017869,10,1,1,512,200,8,4,1,1,4,1,6,0.01,16,3,8,16,16,1885.0,2,22027.0,Sigmoid
0.0204,10,1,1,256,200,8,16,1,1,4,1,6,0.01,0,1,8,16,0,1885.0,2,15025.0,Sigmoid
1.488569,10,0,0,256,300,8,8,1,1,4,1,1,0.01,16,3,8,16,16,1885.0,2,20224.0,ReLU
0.024702,10,1,1,64,200,24,16,0,1,4,2,6,0.01,8,3,8,16,8,1885.0,2,34139.0,Hardtanh
0.055247000000000004,10,0,1,256,200,8,8,1,1,4,1,6,0.0001,16,3,8,16,16,1885.0,2,35309.0,Sigmoid
0.030445,10,1,1,512,200,0,16,1,1,4,1,6,0.01,16,1,8,16,16,1885.0,2,28089.0,Sigmoid
